0'\\Username,Tweet,Timestamp
@teluguwebmedia,"విశాఖ హార్బర్ కు క్రూయిజ్ షిప్...
https://teluguwebmedia.co.in/news-details.php?nid=5106…
#news #LatestUpdates #viralpost #National #InternationalNews
#AndhraPradesh #vishakha #herbar #cruiseship",2025-01-25T11:09:49.000Z
@astrosandy_in,Markets may further see a downwards trend on Monday (7th)in the first half carrying on from the ‘Black Friday’ closing. May see an uptrend after 2:00 PM. #Moon #Venus in #Vishakha. #AstroTips #StockMarketTips #AstroSandy #AAstroSandy,2024-10-05T09:28:33.000Z
@oktelugunews,#Vishakha #YCP: విశాఖలో గేట్లు ఎత్తేశారుగా.. కూటమి పార్టీలోకి భారీ చేరికలు.. జనసేనలోకి ఐదుగురు కార్పొరేటర్లు,2024-08-07T05:17:37.000Z
@mid_day,"#MiddayNews  |

Badlapur sexual assault: Maharashtra schools to establish Vishakha Committees, says Kesarkar

#badlapur #sexualassault #maharashtra #vishakha",2024-08-20T14:11:23.000Z
@GroupVishakha,"May the blessing of Lord Rama guide you towards the path of righteousness. Vishakha family wishes all of you a very Happy Ram Navami.
.
.
#vishakha #vishakhagroup #vishakharenewables #vishakhafoundation
#vishakhamouldings #vishakhapipes #vishakhapolyfab #ramnavami #ramnavami2024",2024-04-17T03:44:58.000Z
@ruledbytwins,"Friend asked about his future wifu 

#venus #vishakha",2024-09-03T16:46:47.000Z
@GroupVishakha,"We look forward to participating in many such events in the future.

#Vishakha #vishakhagroup #VishakhaRenewables #exhibition #rei2024 #renewables #renewablesolutions",2024-10-05T11:48:11.000Z
@Aatufar,"Vishakha Dhiman 
#VishakhaDhiman #Vishakha #Tollywood #Kollywood #Mollywood #actress #model #saree #fashion #sareelove",2023-11-27T04:26:29.000Z
@NEWSTRINETHRAM,"https://trinethramnews.in/madan-mohan-video/…
#madanmohan #videos #vishakha #wife #shanthi #VijaySaiReddy #beach #dance #AndhraPradesh",2024-07-17T11:30:35.000Z
@GroupVishakha,"Keeping faith in yourself is the first step towards the path of progress. May the holy light pave the way to that step for all of you.
Wishing you a pious and harmonious #Holi.
.
.
.
.
#vishakha #vishakhagroup #vishakharenewables  #vishakhapolyfab #holi2024 #HappyHoli",2024-03-24T05:01:39.000Z
@PatrikaUP,"मेरठ की जिस महिला को अभिनेता धर्मेंद्र ने दी बधाई,योगी की पुलिस ने उनको सौंपी बड़ी जिम्मेदारी
#MeerutNews #Vishakha #LiveUpdate
https://patrika.com/meerut-news/dr-madhu-vats-of-meerut-become-judicial-member-of-vishakha-committee-of-up-police-8494074/…",2023-09-19T11:51:38.000Z
@sallababa66,In Gundya Ka Saath Kyun Na Chodta Re Tu #sallubhai2023 #ingundiyaksaathqnachhoddaretu #ingundyakasathkyunaxortaretham #naveenchaudhary #vishakajatni #vishakha,2024-07-25T20:17:31.000Z
@JLH7288,"#Vishakha #Nakshatra is a powerful lunar mansion symbolizing success, leadership, and determination. Individuals born under this Nakshatra are driven, charismatic, and possess the ability to influence and lead others towards achieving significant goals. By understanding the",2024-10-09T02:39:37.000Z
@Astrologic78875,"#vedicastrology #Tropical #Astrology 
#Aires #Taurus #Gemini #Cancer #Leo #Virgo #libra #Scorpio #Sagittarius #Capricorn #Aquarius #Pisces #nakshatras 
#ashlesha #mula #vishakha",2023-12-20T09:20:08.000Z
@Corridor6,"Happy Birthday #Vishakha Bokil

#corridor6films #vishakhabokil
#c6f",2023-10-08T08:31:54.000Z
@GroupVishakha,"The grand celebration of our Annual Day was filled with smiles, moments of pride, and a collection of memories that will always keep this evening alive in our hearts. Catch a glimpse of all the sparkles on this magnificent evening.
.
.
.
.
#vishakha #vishakhagroup #annualday",2024-02-12T13:46:03.000Z
@iskconvicc,"Starts Today!
#iskconvicc #iskcon #iskconvaranasi #radhagopal #gopi #gopibhav #rasleela #katyani #katyanidevi #sakhi #srimadbhagvatam #radhamadhav #radhagopinath #gopinath #gopigeet #seperation #loveinseparation #krishnaislove #krishnaismyeverything #harekrishna #vishakha",2023-11-28T02:48:01.000Z
@GroupVishakha,"Let’s embark on a non-violent, non-stealing, celibate, truthful, and unselfish journey together under the guidance of Mahavir’s principles. Happy Mahavir Jayanti! 
.
.
.
.
#vishakha #vishakhagroup #vishakharenewables #vishakhafoundation #mahavirjayanti2024 #mahavirjayanti",2024-04-21T01:38:26.000Z
@AnupamPKher,It was so wonderful to meet the newly triumphant Hon. #EknathShinde ji and the dynamic #DevendraPhadnavis ji along with #AmrutaJi at the wedding reception of Mumbai’s esteemed police commissioner #VivekPhansalkar Ji’s son #Ameya’s to #Vishakha. Congratulations to everyone for,2024-11-25T03:06:59.000Z
@DrAzizSP,"Congratulations! #vishakha for acchiving your goal as a ""provitinary officer """,2024-03-22T15:49:17.000Z
@PinkSpiderTarot,"3+ Days of Family Business (financial/personal,) Nov. 8-11/23, with the #Sun transiting Pada 3 of #Vishakha in #Libra - if your Sun/#birthday is in this Pada, your instincts & triggers are tied to generational patterns, demands & legacies - possibly with other people's families;",2023-11-08T15:42:41.000Z
@PinkSpiderTarot,"3+ Days of being Asset Managers with the #Sun transiting Pada 2 of #Vishakha in #Libra, Nov. 5-8;
YES, the Sun is only just reaching Libra now - if your Sun/#birthday is in this Pada, your instincts & triggers are tied to the ways/reasons you prioritise getting, having & giving;",2023-11-05T16:06:06.000Z
@LalithaAstro,"Venus in vishakha signifies a struggle between options & a desire for legacy. Individuals may leave a significant impact, especially if venus aligns with the eighth house or scorpio. Their creativity & drive can lead to lasting success.

#venus #Libra #Vishakha",2024-08-16T17:05:52.000Z
@GroupVishakha,"We recently hosted a Lean Management training program at our Mundra factory in Gujarat. The session emphasized practical strategies for improving efficiency, equipping our teams with valuable tools for continuous improvement.
#TeamTraining #vishakhagroup #vishakha",2024-11-20T13:39:51.000Z
@bigtvtelugu,"విశాఖ:  భారీ వర్షాలకు గవర కంచరపాలెంలో కూలిన రైల్వే ప్రహరి గోడ. 

 రెండు కార్లు, ఎలక్ట్రికల్ పోల్ ధ్వంసం.  

ఘటనా స్థలాన్ని పరిశీలించిన విశాఖ పశ్చిమ ఎమ్మెల్యే గణబాబు. 

#Vishakha #Railwaywall #NewsUpdates #bigtvlive",2024-09-08T08:02:44.000Z
@justice_tarot,"#10November2023: Dark Luna divination is up! http://youtu.be/_Q0usro73P0?si…

#PsychicReadings #EmpressJusticeTarot #Tarot #VedicAstrology #Vishakha #NewMoon #Ashlesha #ThirdQuarterMoon",2023-11-09T17:43:18.000Z
@PinkSpiderTarot,"#IREvSCO Management be focused on, between 22:30 & 23:00 on Oct. 7? Their focus shifts, conjunct with #Mars/Loyalties & Mission, into Family Business & Benefactor energies in #Libra/#Vishakha, opposite to the players' freedom in #Aries, conjunct with #Jupiter & #Uranus #RWC2023",2023-10-05T16:33:57.000Z
@GroupVishakha,"Do check out our booth no - R646 in hall no. 12.""  #Vishakha #vishakhagroup #VishakhaRenewables #solarindustry #solar #backsheet #solarpanels #encapsulation #solarmodule #solarpanelsystem #india #manufacturing #renewables  #renewablesolutions #madeinindia",2024-09-28T07:49:48.000Z
@GroupVishakha,"Every idea, every experiment, every breakthrough moves the world forward. Let’s celebrate the spirit of innovation that shapes our future.

Wishing you a think-worthy National Science Day!

#NationalScienceDay #ScienceDay #VishakhaGroup #Vishakha #Innovation #Research",2025-02-28T09:05:12.000Z
@LalithaAstro,"Vishakha, the birth nakshatra of the Sun, imbues its natives with a strong sense of pride & ego, driven by their unique talents. Their desire for superiority can push them to great lengths, often seeking recognition for their distinct abilities. #Sun #Libra #Vishakha #nakshatra",2024-12-05T15:13:37.000Z
@Astrologic78875,"#vedicastrology #Tropical #Astrology 
#Aires #Taurus #Gemini #Cancer #Leo #Virgo #libra #Scorpio #Sagittarius #Capricorn #Aquarius #Pisces #nakshatras 
#ashlesha #mula #vishakha",2023-11-27T03:43:44.000Z
Asish K Routray @ ଆଶିଷ - Jagannatha ଓଡିଶା Parivara,"Can we sketch Baby characters like #Karubaki,#Vishakha,#TriBhubanadevi or #HiraDevi, basically many princess of #Kalinga to inspire our #Odia younglings! As part of #OdiaNationalism 2.0 project developing few comics, but who I kidding, I ain't no artist, only a concept developer.",2023-10-04T18:51:05.000Z
@GroupVishakha,"We look forward to contributing to this event and making a tangible difference. Do check out our booth no. 42, at hall no. 1.

#Vishakha #vishakhagroup #VishakhaRenewables #exhibition #rei2024 #renewables #renewablesolutions",2024-09-13T06:50:22.000Z
@Katrina5Mm,"this my draconic ASC  #Vishakha  5H

...conj Vertex (FATE) 

ex: my Cancer sis' Vishakha Moon 
(She has a learning disability...interesting that it's in MY 5th house, no?)",2023-12-07T07:36:00.000Z
@Katrina5Mm,"my mother and i have our vertex libra #Vishakha 
my sister/roomie, her moon libra 
our father, his jupiter 

*star of purpose  *forked or two branched *triumphal arch",2024-08-01T21:32:01.000Z
@OnlyYSJagan,Vizag #vishakha,2023-09-24T17:00:58.000Z
@Astrologic78875,"#vedicastrology #Tropical #Astrology 
#Aires #Taurus #Gemini #Cancer #Leo #Virgo #libra #Scorpio #Sagittarius #Capricorn #Aquarius #Pisces #nakshatras 
#ashlesha #mula #vishakha",2023-11-22T01:40:29.000Z
@LalithaAstro,"5/ Vishakha also represents great battles, with those under its influence destined to face significant struggles in life but they emerge victorious. The nakshatra is linked to triumphs through perseverance, with a focus on reordering chaotic situations. #Venus #Vishakha #Victory",2024-10-05T07:43:15.000Z
@apratimsai9,"A Sparkling Fresh painted #Vishakhapatnam #WAP7 with #Bhubaneswar #Secundrabad #Vishakha Express Captured at #Jatni #KhurdaRoad right now!

#Railfan
@OdishaRail",2023-10-20T03:45:49.000Z
@vartha24,"#VishakhaNakshatra, #Nakshatra, #Guru, #Vishakha, #Astrology, #Horoscope, #NakshatraCharacteristics, #AstrologicalSigns, #Zodiac, #AstrologyLovers, #VishakhaNakshatraTraits, #Spirituality, #AstrologicalGuidance,",2025-01-28T06:00:11.000Z
@RestInpeacenews,"Vishakha Tripathi, Age : 75, Chief of the Indian spirituals.

cause of death "": traffic collision.

 RIP Sir | Rest in Peace | RIP Legend | RIP 

#VishakhaTripathi #RIPVishakhaTripathi #Vishakha  #Tripathi
#rip #RestInPeace #condolence #died #death #dead #passedaway",2024-11-24T11:58:54.000Z
@GroupVishakha,"With the almighty's blessings, passion to protect your solar panels, and our team's heartwork we inaugurated our new office of Vishakha Glass at Mundara, Gujarat-India. Here is to more such steps towards progress.
.
.
.
#Vishakha #vishakhagroup #VishakhaRenewables #vishakhaglass",2024-02-23T13:28:22.000Z
@AadhanTelugu,"విశాఖ జిల్లా భీమిలి నియోజకవర్గ స్థానాన్ని ప్రతీ ఎన్నికకు సీటు మార్చే టీడీపీ నేత గంటాకు కాకుండా, స్థానిక సమస్యలపై అవగాహన, ప్రజల కోసం పోరాడిన జనసేన నేత పంచకర్ల సందీప్ కే కేటాయించాలని నేతల మూకుమ్మడి డిమాండ్ ..

#Vishakha #Bhimili  #TDP #ChandrababuNaidu #Janasena #PawanKalyan",2024-03-25T05:10:43.000Z
@YesimArpat,"Verdiğimiz kararların ‘şimdilik’ işimizi görmesi yeterlidir. Çözüm hiç ummadığınız yerlerden gelebilir.

#vedik #vishakha #vedikastroloji #astroloji #burçlar",2023-11-08T05:43:02.000Z
@thenewsfifteen,"कौन है Vishakha Tripathi ?

#vishakha #BreakingNews #noidanews #Noida #JagadguruShriKripaluJiMaharaj",2024-11-26T13:49:52.000Z
@GroupVishakha,"Do visit us at hall no. 12, booth no. R 646.

#Vishakha #vishakhagroup #VishakhaRenewables #exhibition #rei2024 #renewables #renewablesolutions",2024-10-02T10:11:34.000Z
@bkbtelly,"Indian Mermaid who? 

#sareefashion #anitahassanandani #humrahenarahehum #sonytv #colorstv #shagunarora #yhm #yehhaimohabbatein #naagin6 #tellywood #naagin3 #vishkhanna #makeuptutorial #hairtutorial #naagin4 #vishakha #sareecollection #vish #blousedesigns #sumangali",2023-11-04T07:31:38.000Z
@hotgirlparado,#vishakha She is so cute ,2023-12-16T07:06:17.000Z
@prajnya,"The Sexual Harassment of Women at Workplace (Prevention, Prohibition and Redressal) Act, 2013, gives further shape to what #Vishakha mandated by setting out more detailed structures, procedures and rules for preventing workplace violence and access to justice for victims #WSH",2024-01-22T11:30:00.000Z
@ETVBharatAP,"తుపాను ఎఫెక్ట్ - ప్రధాని మోదీ విశాఖ పర్యటన రద్దు
#Modi #PMModi #vishakha",2024-11-26T00:36:27.000Z
@JOTHITVOFFICIAL,"விசாகம் நட்சத்திரம் | 27 நட்சத்திரக்காரர்களும் செய்ய வேண்டிய பரிகாரம் | VishakhaNakshatra | Jothitv  

Full video: https://youtu.be/a3uM16zmYKg  

#KettaiNatchathiramPalangal #Vishakha #27NatchathiramPalangal #VishakhaNatchathiram #jothitv #jothitvlatest #விசாகம்நட்சத்திரம்",2024-02-01T07:19:38.000Z
@GroupVishakha,"By preventing the ingress of dirt and debris, our solar glass not only maintains the output level of your solar panel but also empowers the durability you can depend upon.
To know more, connect with our team of experts at http://vishakharenewables.com
.
.
#Vishakha #VishakhaRenewables",2024-05-17T13:05:45.000Z
@GroupVishakha,"Celebrating the man who has always trusted in his vision and has always made efforts for the greater good of society. Wishing a very delightful birthday to our honourable CMD Shri Jigish Doshi.

#vishakha #vishakhagroup #vishakharenewables #vishakhafoundation #vishakhamouldings",2024-01-17T06:10:43.000Z
@GroupVishakha,"Let's spread the goodness within by remembering the idol and spreading his message for humanity.
.
.
.
.
#vishakha #vishakhagroup #vishakharenewables #vishakhafoundation
#vishakhamouldings #vishakhapipes #vishakhapolyfab #GoodFriday",2024-03-29T05:20:54.000Z
@GroupVishakha,"Renewable energy is the future of our country, and we are fully equipped to protect it. We design our new-age solar glasses with durability to endure harsh environments.

For more connect with us at http://vishakharenewables.com
.
.
.
#Vishakha #VishakhaRenewables #solarindustry #solar",2024-01-23T13:28:31.000Z
@GroupVishakha,"The innovation that will bring change is already with us. But, it needs our support to make the world a better place. This World Environment Day, let's commit to implementing the change.

 #worldenvironmentday #vishakha #vishakhagroup",2024-06-05T06:31:20.000Z
@AadhanTelugu,"విశాఖ డ్రగ్స్ కేసులో, జే-గ్యాంగ్ అడ్డంగా దొరికిపోయారు. 

#Vishakha #TDP #YCP #YSJagan #YSRCP  #ChandrababuNaidu  #APNews #AndhraPradesh #APPolitics #APElections2024 #Elections2024",2024-03-23T07:59:46.000Z
@justice_tarot,"#06November2023: Dark Luna divination is up! https://youtu.be/_Q0usro73P0?si=Jf70Ivsu-X9-9NKP…

#PsychicReadings #EmpressJusticeTarot #Tarot #VedicAstrology #Vishakha #NewMoon #Ashlesha #ThirdQuarterMoon #Cancer #Taurus #Virgo #Capricorn #Aquarius #Gemini #Libra #Aries",2023-11-06T21:41:32.000Z
@JennieCipriotti,Scarlet Sky  #vishakha,2024-11-30T01:28:50.000Z
@GroupVishakha,"We build trust by delivering quality and that is what has helped us scale immensely into the giant business scale of gas pipes.

To learn more about our exceptional solutions, connect with us at http://vishakhapipes.com.
.
.
.
.
.",2024-05-27T12:14:39.000Z
@Manoranjan43227,"Anita to come back soon On Television

#anitahassanandani #anitahassanandanireddy #anitahassanandanisquad #yehhaimohabbatein #starplus #naagin3 #naagin #vishakha",2024-01-30T05:19:57.000Z
@GroupVishakha,"Witness our team members experiencing the joy of introducing their workplace at Vishakha to their family members. Such visits bridge a new bond amidst families that fosters a sense of pride and accomplishment.

#Vishakha #Vishakhagroup #familyvisit",2024-07-30T09:10:02.000Z
@GroupVishakha,"Efficiency is a technique mastered by improving skills and focused training. Our team always anticipates such sessions to learn more life-changing values. So we organised a training programme for them at the Vadsar office, Mundra, Gujarat.  
#Teamtraining #Vishakha #VishakhaGroup",2024-07-17T09:25:14.000Z
@GroupVishakha,"Certified by globally recognized bodies like ISO and TUV Rheinland, our solar glass meets the highest standards of quality, trust, and performance. 
Connect with us at http://vishakharenewables.com to know more.
#Vishakha #vishakhagroup #VishakhaRenewables #solarindustry #solarglass",2024-12-09T08:29:20.000Z
@GroupVishakha,"Celebrating others' milestones fuels our passion too. Our honourable founder Shri Jigish Doshi was invited to light the lamp of prosperity at Ahmedabad's 100th branch of ICICI Bank at Inspire Business Park, Adani Shantigram. We extend our congratulations to the team.
#vishakha",2024-02-25T04:00:00.000Z
@PinkSpiderTarot,"3+ Days of being Pioneers with the #Sun in Pada 1 of #Vishakha in #Virgo, Nov. 2-5/23 - the Sun reaches #Libra on the 5th; if your Sun/#birthday is in this Pada, your instincts & triggers are tied to being in the right place at the right time to create opportunities for change;",2023-11-02T14:06:50.000Z
@tharejaarun,"#Astrology: #Vishakha Nakshatra - Bollywood Celebrity #AishwaryaRaiBachchan   
Possessed the five kinds of magnetic feminine beauty
1. Beautiful hair,
2. A beautiful curvaceous figure,
3. Beautiful bone structure,",2024-07-21T08:06:44.000Z
@pariwms,Vishakha  #naagin3 #naagin #vish #vishakha #anitahassanandani #tellywood,2024-04-22T12:10:37.000Z
@RMaachana,"#Train
#Rail
#accident
#Srikakulam
#Railway
#Emergency 
@drmgnt
 
@drmvijayawada
 
@eastcostrail
@RailMinIndia
 ",2023-10-29T18:13:34.000Z
@NtvTeluguLive,"ఆంధ్ర యూనివర్సిటీ స్ట్రాంగ్ రూమ్స్ దగ్గర భారీ భద్రత

#Vishakha #EVM #AndhraPradesh #AndhraUniversity #NTVTelugu",2024-05-21T08:00:46.000Z
@esichq,to the participants underscoring the importance of #Vishakha judgement as a significant step towards ensuring healthy and equal environment for working women.,2023-12-08T16:36:35.000Z
@justice_tarot,"#07November2023: Dark Luna divination is up! http://youtu.be/_Q0usro73P0?si…

#PsychicReadings #EmpressJusticeTarot #Tarot #VedicAstrology #Vishakha #NewMoon #Ashlesha #ThirdQuarterMoon",2023-11-07T10:16:28.000Z
@salvation_check,"Well, maybe #anuradha and #vishakha 

#jyestha’s edge on looking like a pretty innocent teenager; but has the most wicked mind ever. https://x.com/ASTROH3AVEN/st/ASTROH3AVEN/status/1772070675835912574…",2024-03-25T14:59:51.000Z
@GroupVishakha,"May the wise wisdom of the almighty guide us towards new beginnings of change. Vishakha family wishes all of you a very Vigorous Vasant Panchami.
.
.
.
#vishakha #vishakhagroup #vishakharenewables #vishakhafoundation #vishakhamouldings #vishakhapipes #vasantpanchmi #basantpanchmi",2024-02-14T05:34:39.000Z
@AadhanTelugu,"విశాఖ రాజధాని ఏర్పాటయ్యే వరకు హైదరాబాద్‌ను ఉమ్మడి రాజధానిగా కొనసాగించాలి - వైసీపీ నాయకుడు వైవీ సుబ్బారెడ్డి .

#Vishakha #YVSubbaReddy #YSRCP #AndhraPadesh #YCP  #YSJagan #TDP #Chandrababu #Janasena #PawanKalyan #APElections2024 #APCC #APPolitics #Elections2024  #YSSharmila",2024-02-13T09:40:11.000Z
@BeautyAdmire0,"Vishakha Raghav
#VishakhaRaghav #Vishakha",2024-07-21T06:16:25.000Z
@AadhanTelugu,"విశాఖలో ఆడుదాం ఆంధ్ర కబడ్డీ ఫైనల్ పోటీలకు హాజరైన మంత్రి రోజా 
కబడ్డీ ఆడి సందడి చేసిన మంత్రి రోజా .

#RKRoja #Vishakha #AadudamAndhra #YSRCP #AndhraPadesh #YCP  #YSJagan #TDP #Chandrababu #Janasena #PawanKalyan #APPolitics #APElections2024 #APCC #Elections2024  #YSSharmila",2024-02-13T08:24:15.000Z
@LalithaAstro,"6/ When Venus in Vishakha represents you, such as being your atma karaka or ascendant lord, it signals deep struggles with love & decision making. The duality manifests in relationships, torn between partners or paths, requiring greater introspection for balance.#Venus #Vishakha",2024-10-05T07:43:16.000Z
@GroupVishakha,#Vishakha #vishakhagroup #VishakhaRenewables #solarindustry #solar #backsheet #solarpanels #encapsulant #solarmodule #solarpanelsystem #india #manufacturing #renewables #renewablesolutions #madeinindia #Solarglass,2024-09-30T05:47:27.000Z
@PinkSpiderTarot,"if #IREvSCO play #RWC2023 to FT, the #Vertex/West/actions of both sides' Management will end the match in Pada 1 of #Vishakha/#Libra as Pioneers - their decisions starting in conjunction with #Mars/Mission & Loyalties on the Forbidden Path to Heaven in #Chitra/#Virgo, while the",2023-10-04T06:02:47.000Z
@GroupVishakha,"Our sports day was a very memorable and joyful experience for all. It wasn’t about winning or losing, but to have fun together.
.
.
.
.
#vishakha #vishakhagroup #vishakharenewables
#vishakhamouldings #vishakhapipes #vishakhapolyfab #sportsday #corporateactivity #employeeactivity",2024-04-22T13:03:56.000Z
@sansad_tv,"क्या आप जानते हैं कि सुप्रीम कोर्ट ने विशाखा गाइडलाइन्स जारी किए थे, वे किस मुद्दे से संबंधित हैं?

#vishakha #ConstitutionOfIndia #SupremeCourt",2024-09-26T16:29:57.000Z
@justice_tarot,"#20September2023: #Hermit #Vishakha #WaxingCrescentMoon Some of us have a healthy understanding of opposites, and thus a healthier idea of love. At the same time, us being less combative and more open to listening might cause some to try to manipulate us. Stand by whatever",2023-09-20T10:34:52.000Z
@Thileep_Off,"#Vishakha About Ajith Sir 

#AjithKumar #VidaaMuyarchi #GoodBadUgly",2024-05-30T05:46:20.000Z
@GroupVishakha,"We look forward to participating in many such exhibitions in the near future and making a tangible impact.

#Vishakha #vishakhagroup #VishakhaRenewables #exhibition #rei2024 #renewables #renewablesolutions",2024-10-08T07:51:12.000Z
@GroupVishakha,"May the dawn of this Republic Day bring immense growth opportunities for our nation and embark all of us on a glorious journey of progress. Vishakha family wishes all of you a very #DignifiedRepublicDay.
.
.
.
#republicday #indianrepublicday #vishakha #vishakhagroup",2024-01-26T02:50:03.000Z
@tarotnuit,"#vishakha: seu poder pode ser muito maior do que você imagina. é como se em vários momentos você buscasse suporte de/em algo externo sem perceber o que você mesmo pode oferecer a si ou a determinadas situações. o sol aparece aqui como o ego, a autoestima e a confiança, (+)",2023-10-19T06:38:52.000Z
@VarunDhamaBjp,#Happy 1st #anniversary ...My Dear Wife #Vishakha                     महादेव की कृपा और आप सबका आशीर्वाद हम पर ऐसा ही बना रहे ,2025-02-06T06:48:33.000Z
@justice_tarot,"#08November2023: Dark Luna divination is up! http://youtu.be/_Q0usro73P0?si…

#PsychicReadings #EmpressJusticeTarot #Tarot #VedicAstrology #Vishakha #NewMoon #Ashlesha #ThirdQuarterMoon",2023-11-08T10:04:03.000Z
@GroupVishakha,"Let's evolve to make the earth better. #EarthDay
.
.
.
.
#vishakha #vishakhagroup #vishakharenewables #vishakhafoundation
#vishakhamouldings #vishakhapipes #vishakhapolyfab #EarthDay2024",2024-04-22T05:53:08.000Z
@GroupVishakha,"Capture infinite memories in the infinite colours of happiness. Vishakha family wishes all of you a vibrant #Holi
.
.
.
.
#vishakha #vishakhagroup #vishakharenewables #vishakhafoundation
#vishakhamouldings #vishakhapipes #vishakhapolyfab #holi2024 #HappyHoli",2024-03-25T04:16:32.000Z
@GroupVishakha,"Choosing the best protection for your solar panels is as important as making the decision to invest in solar panels. Our Solar Encapsulants provide everything you should be looking for and much more. To learn more, visit http://vishakharenewables.com.
.
.
#Vishakha #VishakhaRenewables",2024-05-24T12:46:29.000Z
@AadhanTelugu,"రాజ్యసభ సభ్యుడిగా ఎన్నికైన సందర్భంగా విశాఖ స్వరూపానంద కాళ్లకు మొక్కి .. కానుకలు సమర్పించుకున్న వైవీ సుబ్బారెడ్డి.

#YVSubbaReddy #RajyaSabha #Vishakha  #APPolitics #APElections2024 #Election2024 #APNews #AndhraPadesh",2024-02-26T09:03:14.000Z
@GroupVishakha,#Vishakha #vishakhagroup #VishakhaRenewables #exhibition #rei2024 #renewables #renewablesolutions,2024-10-01T05:23:08.000Z
@Mahesh153472,"పోరాడతం అని చెప్పిన నాయకులు ఎక్కడ పొయ్యారు స్టీల్ ప్లాంట్ లో రెండు బ్లాస్ట్ ఫర్నెన్స్ లు క్లోజ్ చేస్తే , అయ్య 
@PawanKalyan
 @JanaSenaParty
 @JaiTDP
 ,ఇప్పుడు నోరు ఎందుకు లేపరు, మీ ప్రతాపం అంతా జగన్ మీదనే నా , మోడీ నో అడగలేర #vizag #steel #vishakha #AndhraPradesh #steelplant",2024-09-15T18:52:53.000Z
@LalithaAstro,"1/ Venus in Vishakha nakshatra symbolizes duality, as Vishakha is ruled by Agni & Indra, represented by a tree with two branches. This reflects the mind being pulled in two directions, causing internal conflicts & often leading to indecision in life choices.

#Venus #Vishakha",2024-10-05T07:43:11.000Z
@ONE100NEWS,"Dil Dosti Dilemma Cast Reunites! Anushka Sen, Kush, Elisha, Vishakha & Revathi Seen Together At Excel Office In Mumbai #DilDostiDilemma #AnushkaSen #excel #kush #Elisha #One100News #vishakha #Revathi #Mumbai #Bollywood",2024-04-18T05:21:04.000Z
@justice_tarot,"#16October2023: #PageofCups #Vishakha #WaxingCrescentMoon That subconscious desire within us to connect and realise our desires are born in the most surprising ways. Some of us could experience some interesting telepathic connections (trust me, those are WAY more common",2023-10-16T09:11:36.000Z
@justice_tarot,#19September2023: #6ofPentacles #Vishakha #WaxingCrescentMoon The energy from the start of the day becomes more concentrated towards the end. Us turning what we enjoy into something serious attracts generosity from those I mentioned earlier. There is a shift in power,2023-09-19T09:31:09.000Z
@GroupVishakha,"We are excited to meet you at the biggest international packaging expo from 3rd to 6th November 2024.

#vishakha #vishakhaflexiblepackaging
#vishakhapolyfab #vishakhagroup #packexpointernational2024",2024-09-02T09:57:38.000Z
