Username,Tweet,Timestamp
@teluguwebmedia,"‡∞µ‡∞ø‡∞∂‡∞æ‡∞ñ ‡∞π‡∞æ‡∞∞‡±ç‡∞¨‡∞∞‡±ç ‡∞ï‡±Å ‡∞ï‡±ç‡∞∞‡±Ç‡∞Ø‡∞ø‡∞ú‡±ç ‡∞∑‡∞ø‡∞™‡±ç...
https://teluguwebmedia.co.in/news-details.php?nid=5106‚Ä¶
#news #LatestUpdates #viralpost #National #InternationalNews
#AndhraPradesh #vishakha #herbar #cruiseship",2025-01-25T11:09:49.000Z
@astrosandy_in,Markets may further see a downwards trend on Monday (7th)in the first half carrying on from the ‚ÄòBlack Friday‚Äô closing. May see an uptrend after 2:00 PM. #Moon #Venus in #Vishakha. #AstroTips #StockMarketTips #AstroSandy #AAstroSandy,2024-10-05T09:28:33.000Z
@justice_tarot,"#05May2023:  #Vishakha #KingofCups This is more advisory: it's important for us to focus on the strength of love, rather than superficial differences, and to communicate from that depth of feeling. Some of us do this already, but the rest of us need reminding to be gentle.",2023-05-04T22:37:46.000Z
@oktelugunews,#Vishakha #YCP: ‡∞µ‡∞ø‡∞∂‡∞æ‡∞ñ‡∞≤‡±ã ‡∞ó‡±á‡∞ü‡±ç‡∞≤‡±Å ‡∞é‡∞§‡±ç‡∞§‡±á‡∞∂‡∞æ‡∞∞‡±Å‡∞ó‡∞æ.. ‡∞ï‡±Ç‡∞ü‡∞Æ‡∞ø ‡∞™‡∞æ‡∞∞‡±ç‡∞ü‡±Ä‡∞≤‡±ã‡∞ï‡∞ø ‡∞≠‡∞æ‡∞∞‡±Ä ‡∞ö‡±á‡∞∞‡∞ø‡∞ï‡∞≤‡±Å.. ‡∞ú‡∞®‡∞∏‡±á‡∞®‡∞≤‡±ã‡∞ï‡∞ø ‡∞ê‡∞¶‡±Å‡∞ó‡±Å‡∞∞‡±Å ‡∞ï‡∞æ‡∞∞‡±ç‡∞™‡±ä‡∞∞‡±á‡∞ü‡∞∞‡±ç‡∞≤‡±Å,2024-08-07T05:17:37.000Z
@Manju_ELN,"‡∞§‡∞æ‡∞ï‡∞ü‡±ç‡∞ü‡±Å‡∞≤‡±ã #‡∞µ‡∞ø‡∞∂‡∞æ‡∞ñ‡∞™‡∞ü‡±ç‡∞ü‡∞£‡∞Ç 
‡∞Æ‡∞® ‡∞™‡±ç‡∞∞‡∞≠‡±Å‡∞§‡±ç‡∞µ‡∞Ç ‡∞µ‡∞ø‡∞∂‡∞æ‡∞ñ‡∞≤‡±ã ‡∞§‡∞æ‡∞ï‡∞ü‡±ç‡∞ü‡±Å ‡∞™‡±Ü‡∞ü‡±ç‡∞ü‡∞ø‡∞® ‡∞™‡±ç‡∞∞‡∞≠‡±Å‡∞§‡±ç‡∞µ ‡∞Ü‡∞∏‡±ç‡∞§‡±Å‡∞≤ ‡∞µ‡∞ø‡∞µ‡∞∞‡∞æ‡∞≤‡±Å..
#Vishakha
#Vizag",2022-10-06T05:49:48.000Z
@mid_day,"#MiddayNews  |

Badlapur sexual assault: Maharashtra schools to establish Vishakha Committees, says Kesarkar

#badlapur #sexualassault #maharashtra #vishakha",2024-08-20T14:11:23.000Z
@GroupVishakha,"May the blessing of Lord Rama guide you towards the path of righteousness. Vishakha family wishes all of you a very Happy Ram Navami.
.
.
#vishakha #vishakhagroup #vishakharenewables #vishakhafoundation
#vishakhamouldings #vishakhapipes #vishakhapolyfab #ramnavami #ramnavami2024",2024-04-17T03:44:58.000Z
@DurgaIndia1,"Stay tuned for Durga India's campaign against workplace harassment and how to fight back, from 6th September to 17th September
#NoSeatAtTheTable
#durgaindia #workplacesafety #workplaceharassment #toxicworkplace #exploitation #poshact #vishakha #feminism #woke #activism",2021-09-06T13:29:35.000Z
@ruledbytwins,"Friend asked about his future wifu 

#venus #vishakha",2024-09-03T16:46:47.000Z
@vivekbabaji,"congress is a stinking piece of rotten carcass! unfortunate that people like #vishakha chose to be ungrateful pricks in front of 
@ndtv
 camera - egged on by her congresswoman mother sumitra yadav!",2022-03-03T15:12:04.000Z
@GroupVishakha,"We look forward to participating in many such events in the future.

#Vishakha #vishakhagroup #VishakhaRenewables #exhibition #rei2024 #renewables #renewablesolutions",2024-10-05T11:48:11.000Z
@Katrina5Mm,"looking into Alexandria Cortez-Ocasio's chart
Moon #Ashwini            Sun...#Vishakha? 

#purvaAshadaASC  Venus #Mula   Mars #Swati 'sword'

Interesting, no? 
@fashionastro
 @fashionastro",2022-10-05T22:33:37.000Z
@samadkh85454443,"Koi #ektakappor ko yaad dilao #nnagin kesa hota hai koi #ektamam ko #naagin12345 dubara dikhao 'ke unko yaad aye k esa hota tha or esa bnana hai koi rehm krlo hm audnc pr hm #naagin fans hain #bela #shaysha #vishakha #shivanya i miss them alot
#sastanaagin #fazulnaagin #flopnagin",2022-05-26T06:15:58.000Z
@news_studio18,#Vishakha: ‡∞ï‡∞æ‡∞∞‡±ç‡∞™‡±ä‡∞∞‡±á‡∞ü‡±ç ‡∞∏‡∞Ç‡∞∏‡±ç‡∞•‡∞≤‡∞ï‡±Å ‡∞ä‡∞°‡∞ø‡∞ó‡∞Ç ‡∞ö‡±á‡∞∏‡±ç‡∞§‡±Å‡∞®‡±ç‡∞® ‡∞¨‡∞ø‚Äå‡∞ú‡±á‚Äå‡∞™‡∞ø http://youtube.com/watch?v=eJFET0XlNzE&feature=youtu.be‚Ä¶ https://studio18news.com/?p=1158,2022-07-04T11:16:19.000Z
@Aatufar,"Vishakha Dhiman 
#VishakhaDhiman #Vishakha #Tollywood #Kollywood #Mollywood #actress #model #saree #fashion #sareelove",2023-11-27T04:26:29.000Z
@NEWSTRINETHRAM,"https://trinethramnews.in/madan-mohan-video/‚Ä¶
#madanmohan #videos #vishakha #wife #shanthi #VijaySaiReddy #beach #dance #AndhraPradesh",2024-07-17T11:30:35.000Z
@Vedicastr,"https://vedicastrodiction.com/astrology/vishakha-nakshatra-in-vedic-astrology/‚Ä¶
Mythology of Vishaka nakshatra in vedic astrology 
#astrostuffs #astrology #vedicastrology #astrologer #nakshatra #vishakha #astroloji",2022-08-08T13:30:01.000Z
@GroupVishakha,"Keeping faith in yourself is the first step towards the path of progress. May the holy light pave the way to that step for all of you.
Wishing you a pious and harmonious #Holi.
.
.
.
.
#vishakha #vishakhagroup #vishakharenewables  #vishakhapolyfab #holi2024 #HappyHoli",2024-03-24T05:01:39.000Z
@lembhe_sameer,"#mhj 
@sonymarathitv
 #vishakha ‡§®‡§µ‡•Ä‡§® ‡§∏‡§ø‡§ù‡§® ‡§Æ‡§ß‡•ç‡§Ø‡•á ‡§µ‡§ø‡§∂‡§æ‡§ñ‡§æ ‡§§‡§æ‡§à ‡§Ü‡§π‡•á ‡§ï‡§æ",2022-08-12T17:21:27.000Z
@justice_tarot,"Part 1 of #NewMoon in #Vishakha  (But that #Ashlesha #Moon won't quit!)

00:00 3rd Quarter Moon & #WakandaForever (SPOILERS)

26:22 New Moon in Vishakha
50:00 November 2022 Revelations
1:08:33 #Cancer
1:19:29 #Virgo
1:27:33 #Gemini",2022-11-19T11:49:35.000Z
@PatrikaUP,"‡§Æ‡•á‡§∞‡§† ‡§ï‡•Ä ‡§ú‡§ø‡§∏ ‡§Æ‡§π‡§ø‡§≤‡§æ ‡§ï‡•ã ‡§Ö‡§≠‡§ø‡§®‡•á‡§§‡§æ ‡§ß‡§∞‡•ç‡§Æ‡•á‡§Ç‡§¶‡•ç‡§∞ ‡§®‡•á ‡§¶‡•Ä ‡§¨‡§ß‡§æ‡§à,‡§Ø‡•ã‡§ó‡•Ä ‡§ï‡•Ä ‡§™‡•Å‡§≤‡§ø‡§∏ ‡§®‡•á ‡§â‡§®‡§ï‡•ã ‡§∏‡•å‡§Ç‡§™‡•Ä ‡§¨‡§°‡§º‡•Ä ‡§ú‡§ø‡§Æ‡•ç‡§Æ‡•á‡§¶‡§æ‡§∞‡•Ä
#MeerutNews #Vishakha #LiveUpdate
https://patrika.com/meerut-news/dr-madhu-vats-of-meerut-become-judicial-member-of-vishakha-committee-of-up-police-8494074/‚Ä¶",2023-09-19T11:51:38.000Z
@justice_tarot,"I want to remind everyone, too, that Laura Linney (Wendy Byrde) has #Moon & #Neptune in #Vishakha & #Venus in #PurvaBhadrapada...anybody who knows about nakshatras will know this is PERFECT casting.

#Nakshatras
#VedicAstrology
#RealJusticeTarot",2021-10-26T18:28:42.000Z
@sallababa66,In Gundya Ka Saath Kyun Na Chodta Re Tu #sallubhai2023 #ingundiyaksaathqnachhoddaretu #ingundyakasathkyunaxortaretham #naveenchaudhary #vishakajatni #vishakha,2024-07-25T20:17:31.000Z
@JLH7288,"#Vishakha #Nakshatra is a powerful lunar mansion symbolizing success, leadership, and determination. Individuals born under this Nakshatra are driven, charismatic, and possess the ability to influence and lead others towards achieving significant goals. By understanding the",2024-10-09T02:39:37.000Z
@Astrologic78875,"#vedicastrology #Tropical #Astrology 
#Aires #Taurus #Gemini #Cancer #Leo #Virgo #libra #Scorpio #Sagittarius #Capricorn #Aquarius #Pisces #nakshatras 
#ashlesha #mula #vishakha",2023-12-20T09:20:08.000Z
@Corridor6,"Happy Birthday #Vishakha Bokil

#corridor6films #vishakhabokil
#c6f",2023-10-08T08:31:54.000Z
@justice_tarot,"#09July2022:  #Vishakha #3ofWands Towards day's end, we have a clearer understanding of what our longer-term plans are and how to capitalise on everything we've already accomplished so far. This is great, but remember to make room for downtime. Spirit's got this covered.",2022-07-08T23:13:00.000Z
@justice_tarot,"#22Mar2022:  #Vishakha #KingCups #Zadkiel We're more likely to know how to talk to people who think differently to us, and it starts by appealing to their inner child. Gentility is absolutely key, as is listening. Hearing what isn't being said allows us to ease conflict.",2022-03-22T06:00:01.000Z
@GroupVishakha,"The grand celebration of our Annual Day was filled with smiles, moments of pride, and a collection of memories that will always keep this evening alive in our hearts. Catch a glimpse of all the sparkles on this magnificent evening.
.
.
.
.
#vishakha #vishakhagroup #annualday",2024-02-12T13:46:03.000Z
@iskconvicc,"Starts Today!
#iskconvicc #iskcon #iskconvaranasi #radhagopal #gopi #gopibhav #rasleela #katyani #katyanidevi #sakhi #srimadbhagvatam #radhamadhav #radhagopinath #gopinath #gopigeet #seperation #loveinseparation #krishnaislove #krishnaismyeverything #harekrishna #vishakha",2023-11-28T02:48:01.000Z
@naaginians,"Maha Shesh Naagin Ki Nayi Dushman ""VISHAKHA"" 

#naagin #naagin6 #prarthna #vishakha #vish #sheshnaagin #tejasswi #tejasswiprakash #tejatroops #anitahassanandani
@itsmetejasswi
 @anitahasnandani",2023-01-16T10:50:52.000Z
@GroupVishakha,"Let‚Äôs embark on a non-violent, non-stealing, celibate, truthful, and unselfish journey together under the guidance of Mahavir‚Äôs principles. Happy Mahavir Jayanti! 
.
.
.
.
#vishakha #vishakhagroup #vishakharenewables #vishakhafoundation #mahavirjayanti2024 #mahavirjayanti",2024-04-21T01:38:26.000Z
@news_studio18,"https://youtu.be/LFdYiPpE8Uw  #75thanniversary #vangaveetiimohanaranga #Vishakha

https://studio18news.com/?p=836",2022-06-29T07:05:25.000Z
@AbhiAttorney_,"‡§¨‡§¶‡§≤ ‡§®‡§æ ‡§ú‡§æ‡§Ø‡•á ‡§Ü‡§á‡§®‡•á ‡§ï‡•Ä ‡§®‡§ø‡§Ø‡§§ , ‡§Ø‡•Ç‡§Å ‡§µ‡§ï‡§º‡•ç‡§§ ‡§µ‡•á ‡§µ‡§ï‡§º‡•ç‡§§ ‡§ñ‡§º‡•Å‡§¶ ‡§ï‡•ã ‡§∏‡§Ç‡§µ‡§æ‡§∞‡§æ ‡§®‡§æ ‡§ï‡§∞‡•ã I #Vishakha",2022-01-09T17:14:54.000Z
@vikramix,"Supported by the powerful performances of #MitaVasisht #RajeshJais 
@saurabhgoyall
 and the exceptional one by 
@yaaneea_b
! #Chhorii wouldn‚Äôt have been possible without the technical wizardry of #AnshulChobey #KetanSodha #BaylonFonseca #Sheetal #Vishakha #Ranjan #Unni & #TeamChhorii",2021-12-02T07:11:31.000Z
@AnupamPKher,It was so wonderful to meet the newly triumphant Hon. #EknathShinde ji and the dynamic #DevendraPhadnavis ji along with #AmrutaJi at the wedding reception of Mumbai‚Äôs esteemed police commissioner #VivekPhansalkar Ji‚Äôs son #Ameya‚Äôs to #Vishakha. Congratulations to everyone for,2024-11-25T03:06:59.000Z
@ThanthiTV,"‡Æµ‡Æø‡Æö‡Ææ‡Æï‡ÆÆ‡Øç ‡Æ®‡Æü‡Øç‡Æö‡Æ§‡Øç‡Æ§‡Æø‡Æ∞‡Æï‡Ææ‡Æ∞‡Æ∞‡Øç‡Æï‡Æ≥‡Øç ‡Æµ‡Æ£‡Æô‡Øç‡Æï ‡Æµ‡Øá‡Æ£‡Øç‡Æü‡Æø‡ÆØ ‡Æ§‡Æ≤‡ÆÆ‡Øç.. ‡Æµ‡Æø‡Æ∞‡Æ≤‡Æø ‡ÆÆ‡Æû‡Øç‡Æö‡Æ≥‡Øç ‡ÆÆ‡Ææ‡Æ≤‡Øà ‡ÆÖ‡Æ£‡Æø‡Æµ‡Æø‡Æ§‡Øç‡Æ§‡Ææ‡Æ≤‡Øç ‡Æ§‡Æø‡Æ∞‡ØÅ‡ÆÆ‡Æ£ ‡Æ§‡Æü‡Øà ‡Æ®‡ØÄ‡Æô‡Øç‡Æï‡ØÅ‡ÆÆ‡Øç - ‡Æï‡Æ™‡Æø‡Æ∏‡Øç‡Æ§‡Æ≤‡ÆÆ‡Øç ‡Æï‡Æú‡Øá‡Æ®‡Øç‡Æ§‡Æø‡Æ∞ ‡Æ™‡ØÜ‡Æ∞‡ØÅ‡ÆÆ‡Ææ‡Æ≥‡Øç ‡Æï‡Øã‡ÆØ‡Æø‡Æ≤‡Æø‡Æ©‡Øç ‡Æö‡Æø‡Æ±‡Æ™‡Øç‡Æ™‡ØÅ‡Æï‡Æ≥‡Øç

#Kabisthalam #GajendraVaradhaTemple #Vishakha #thanthitv",2023-04-21T12:25:27.000Z
@GroupVishakha,"Compared to metal or wooden pallets, #plasticpallets are much safer, easy to handle, durable and hygienic.

We at #Vishakha provide you the most advanced injection-moulded plastic pallets, stronger than any other plastic pallets.

https://vishakha.com

#BigBins #Sustainability",2021-10-18T10:15:59.000Z
@DrAzizSP,"Congratulations! #vishakha for acchiving your goal as a ""provitinary officer """,2024-03-22T15:49:17.000Z
@PinkSpiderTarot,"3+ Days of Family Business (financial/personal,) Nov. 8-11/23, with the #Sun transiting Pada 3 of #Vishakha in #Libra - if your Sun/#birthday is in this Pada, your instincts & triggers are tied to generational patterns, demands & legacies - possibly with other people's families;",2023-11-08T15:42:41.000Z
@PinkSpiderTarot,"3+ Days of being Asset Managers with the #Sun transiting Pada 2 of #Vishakha in #Libra, Nov. 5-8;
YES, the Sun is only just reaching Libra now - if your Sun/#birthday is in this Pada, your instincts & triggers are tied to the ways/reasons you prioritise getting, having & giving;",2023-11-05T16:06:06.000Z
@LalithaAstro,"Venus in vishakha signifies a struggle between options & a desire for legacy. Individuals may leave a significant impact, especially if venus aligns with the eighth house or scorpio. Their creativity & drive can lead to lasting success.

#venus #Libra #Vishakha",2024-08-16T17:05:52.000Z
@oktelugunews,"‡∞µ‡∞ø‡∞∂‡∞æ‡∞ñ ‡∞∏‡±ç‡∞ü‡±Ä‡∞≤‡±ç‡∞∏‡±ç ‡∞Ö‡∞°‡∞ø‡∞ó‡∞ø‡∞Ç‡∞¶‡∞ø ‡∞í‡∞ï‡∞ü‡∞ø.. ‡∞ï‡±Ü‡∞∏‡∞ø‡∞Ü‡∞∞‡±ç ‡∞ö‡±á‡∞∏‡±ç‡∞§‡±Å‡∞®‡±ç‡∞® ‡∞™‡±ç‡∞∞‡∞ö‡∞æ‡∞∞‡∞Ç ‡∞Æ‡∞∞‡±ä‡∞ï‡∞ü‡∞ø
https://oktelugu.com/visakha-steels-asked-one-thing-kcrs-campaign-is-another/‚Ä¶
#KCR #AndhraPradesh #VISHAKHA #politics",2023-04-12T03:38:22.000Z
@GroupVishakha,"We recently hosted a Lean Management training program at our Mundra factory in Gujarat. The session emphasized practical strategies for improving efficiency, equipping our teams with valuable tools for continuous improvement.
#TeamTraining #vishakhagroup #vishakha",2024-11-20T13:39:51.000Z
@bigtvtelugu,"‡∞µ‡∞ø‡∞∂‡∞æ‡∞ñ:  ‡∞≠‡∞æ‡∞∞‡±Ä ‡∞µ‡∞∞‡±ç‡∞∑‡∞æ‡∞≤‡∞ï‡±Å ‡∞ó‡∞µ‡∞∞ ‡∞ï‡∞Ç‡∞ö‡∞∞‡∞™‡∞æ‡∞≤‡±Ü‡∞Ç‡∞≤‡±ã ‡∞ï‡±Ç‡∞≤‡∞ø‡∞® ‡∞∞‡±à‡∞≤‡±ç‡∞µ‡±á ‡∞™‡±ç‡∞∞‡∞π‡∞∞‡∞ø ‡∞ó‡±ã‡∞°. 

 ‡∞∞‡±Ü‡∞Ç‡∞°‡±Å ‡∞ï‡∞æ‡∞∞‡±ç‡∞≤‡±Å, ‡∞é‡∞≤‡∞ï‡±ç‡∞ü‡±ç‡∞∞‡∞ø‡∞ï‡∞≤‡±ç ‡∞™‡±ã‡∞≤‡±ç ‡∞ß‡±ç‡∞µ‡∞Ç‡∞∏‡∞Ç.  

‡∞ò‡∞ü‡∞®‡∞æ ‡∞∏‡±ç‡∞•‡∞≤‡∞æ‡∞®‡±ç‡∞®‡∞ø ‡∞™‡∞∞‡∞ø‡∞∂‡±Ä‡∞≤‡∞ø‡∞Ç‡∞ö‡∞ø‡∞® ‡∞µ‡∞ø‡∞∂‡∞æ‡∞ñ ‡∞™‡∞∂‡±ç‡∞ö‡∞ø‡∞Æ ‡∞é‡∞Æ‡±ç‡∞Æ‡±Ü‡∞≤‡±ç‡∞Ø‡±á ‡∞ó‡∞£‡∞¨‡∞æ‡∞¨‡±Å. 

#Vishakha #Railwaywall #NewsUpdates #bigtvlive",2024-09-08T08:02:44.000Z
@prime9news,"‡∞µ‡∞ø‡∞∂‡∞æ‡∞ñ‡∞≤‡±ã ‡∞¢‡±Ä ‡∞Ö‡∞Ç‡∞ü‡±á ‡∞¢‡±Ä ‡∞Ö‡∞Ç‡∞ü‡±Å‡∞®‡±ç‡∞® ‡∞µ‡±à‡∞∏‡±Ä‡∞™‡±Ä ‡∞®‡±á‡∞§‡∞≤‡±Å.. | Terachatu Rajakiyam | Prime9 News

Watch Here>>https://youtu.be/2GTmV69M6Z0

#prime9 #Prime9News #vishakha #VijayPrasad #TerachatuRajakiyam",2022-05-21T03:34:16.000Z
@IAmKnowThyself,"With opposite full aspect #Moon in #Libra #Vishakha & girlfriend's Libra #Chitra #Nakshatras, both Tiger #ShivaLingam/#Yoni, her Chinese #Zodiac sign is #Tiger & 2022 is #YearOfTheTiger, I'm diggin theme! Can't wait for release of my pre-ordered #BradThor #RisingTiger! #Astrology",2022-01-08T07:29:22.000Z
@justice_tarot,"#10November2023: Dark Luna divination is up! http://youtu.be/_Q0usro73P0?si‚Ä¶

#PsychicReadings #EmpressJusticeTarot #Tarot #VedicAstrology #Vishakha #NewMoon #Ashlesha #ThirdQuarterMoon",2023-11-09T17:43:18.000Z
@PinkSpiderTarot,"#IREvSCO Management be focused on, between 22:30 & 23:00 on Oct. 7? Their focus shifts, conjunct with #Mars/Loyalties & Mission, into Family Business & Benefactor energies in #Libra/#Vishakha, opposite to the players' freedom in #Aries, conjunct with #Jupiter & #Uranus #RWC2023",2023-10-05T16:33:57.000Z
@justice_tarot,"10-#13May2023: #Vishakha #KingofWands The closer the weekend is, the more pressures there is, as true, hidden feelings come out. At the same time...not all of it's bad. Some of this honesty results in strengthened communities and the right people finding each other.",2023-05-06T23:14:51.000Z
@DrSamirTripathi,"Thursday/Swati/special efforts/Venus in cancer with mars already there,there is no aspect on this from any other plant/it‚Äôs is best time to convert passion into something v meaningful&since cancer is sign of growth,these can b beneficial ahead-shiva bless all #astrology #vishakha",2023-05-31T15:32:53.000Z
@galattadotcom,"#VishakhaDhiman Latest Photoshoot Stills 

#Vishakha #Photoshoot #OnamAsamshakal",2021-08-21T08:39:01.000Z
@srivarahamihira,"#Vishakha #Nakshatra #Mantra

‡•ê ‡§á‡§Ç‡§¶‡•ç‡§∞‡§æ‡§ó‡•ç‡§®‡•Ä‡§≠‡•ç‡§Ø‡§æ‡§Ç ‡§®‡§Æ‡§É
o·πÉ indrƒÅgnƒ´bhyƒÅ·πÉ nama·∏•

‡•ê ‡§µ‡§ø‡§∂‡§æ‡§ñ‡§æ‡§≠‡•ç‡§Ø‡§æ‡§Ç ‡§®‡§Æ‡§É
o·πÉ vi≈õƒÅkhƒÅbhyƒÅ·πÉ nama·∏•",2023-02-12T02:16:55.000Z
@IAmKnowThyself,"Got #Aries #Moon in #Bharani & #Pisces #Sun & #Rahu in #Revati in Vedic #Astrology. #Elephant  #Nakshatras. Not just dat opposite #Libra #Vishakha, #Tiger . Know people w/ least 1 of em in some way. #FuckAroundandFindOut. #FightAgainstHumanTrafficking.",2023-07-31T23:35:04.000Z
@Katrina5Mm,"Interesting to note that Ketu is in my 5H (Rahu 11H).

Rahu #Krittika into #Bharani 11H ... Ketu #Vishakha 5H",2022-07-08T08:31:46.000Z
@GroupVishakha,"Do check out our booth no - R646 in hall no. 12.""  #Vishakha #vishakhagroup #VishakhaRenewables #solarindustry #solar #backsheet #solarpanels #encapsulation #solarmodule #solarpanelsystem #india #manufacturing #renewables  #renewablesolutions #madeinindia",2024-09-28T07:49:48.000Z
@mallemala12,"Need Practical Legal Action on Rowdy Riots from 
@ysjagan
 CM Government‚Ä¶ Is there Home minister Portfolio in AP Cabinet? Because how JSP gotten Permission on the same day of #Vishakha Prajagarjana Day???",2022-10-16T02:59:17.000Z
@GroupVishakha,"Every idea, every experiment, every breakthrough moves the world forward. Let‚Äôs celebrate the spirit of innovation that shapes our future.

Wishing you a think-worthy National Science Day!

#NationalScienceDay #ScienceDay #VishakhaGroup #Vishakha #Innovation #Research",2025-02-28T09:05:12.000Z
@LalithaAstro,"Vishakha, the birth nakshatra of the Sun, imbues its natives with a strong sense of pride & ego, driven by their unique talents. Their desire for superiority can push them to great lengths, often seeking recognition for their distinct abilities. #Sun #Libra #Vishakha #nakshatra",2024-12-05T15:13:37.000Z
@Astrologic78875,"#vedicastrology #Tropical #Astrology 
#Aires #Taurus #Gemini #Cancer #Leo #Virgo #libra #Scorpio #Sagittarius #Capricorn #Aquarius #Pisces #nakshatras 
#ashlesha #mula #vishakha",2023-11-27T03:43:44.000Z
Asish K Routray @ ‡¨Ü‡¨∂‡¨ø‡¨∑ - Jagannatha ‡¨ì‡¨°‡¨ø‡¨∂‡¨æ Parivara,"Can we sketch Baby characters like #Karubaki,#Vishakha,#TriBhubanadevi or #HiraDevi, basically many princess of #Kalinga to inspire our #Odia younglings! As part of #OdiaNationalism 2.0 project developing few comics, but who I kidding, I ain't no artist, only a concept developer.",2023-10-04T18:51:05.000Z
@GroupVishakha,"We look forward to contributing to this event and making a tangible difference. Do check out our booth no. 42, at hall no. 1.

#Vishakha #vishakhagroup #VishakhaRenewables #exhibition #rei2024 #renewables #renewablesolutions",2024-09-13T06:50:22.000Z
@news_studio18,#Vishakha : ‡∞Æ‡±ã‡∞°‡±Ä ‡∞∞‡∞æ‡∞ï‡∞®‡±Å ‡∞µ‡±ç‡∞Ø‡∞§‡∞ø‡∞∞‡±á‡∞ï‡∞ø‡∞∏‡±ç‡∞§‡±Ç ‡∞®‡∞ø‡∞∞‡∞∏‡∞®‚Ä¶ http://youtube.com/watch?v=gAL35ZWzNUs&feature=youtu.be‚Ä¶ https://studio18news.com/?p=1156,2022-07-04T11:12:00.000Z
@Katrina5Mm,"this my draconic ASC  #Vishakha  5H

...conj Vertex (FATE) 

ex: my Cancer sis' Vishakha Moon 
(She has a learning disability...interesting that it's in MY 5th house, no?)",2023-12-07T07:36:00.000Z
@Katrina5Mm,"my mother and i have our vertex libra #Vishakha 
my sister/roomie, her moon libra 
our father, his jupiter 

*star of purpose  *forked or two branched *triumphal arch",2024-08-01T21:32:01.000Z
@OnlyYSJagan,Vizag #vishakha,2023-09-24T17:00:58.000Z
@DeepakY21171652,"Yes...I have my  atamakarka #sun in  #Vishakha #Nakshatra & my father was sitting in front of Agni (fire) at the time of my birth. Also ,it was raining a lot  with  the Storm (Indra ,the god of rain).My #moon is also in  gandanta.",2022-05-21T09:03:37.000Z
@Astrologic78875,"#vedicastrology #Tropical #Astrology 
#Aires #Taurus #Gemini #Cancer #Leo #Virgo #libra #Scorpio #Sagittarius #Capricorn #Aquarius #Pisces #nakshatras 
#ashlesha #mula #vishakha",2023-11-22T01:40:29.000Z
@LalithaAstro,"5/ Vishakha also represents great battles, with those under its influence destined to face significant struggles in life but they emerge victorious. The nakshatra is linked to triumphs through perseverance, with a focus on reordering chaotic situations. #Venus #Vishakha #Victory",2024-10-05T07:43:15.000Z
@Mogambo6969,"#Vishakha Mulye Please see how Rich Beggars of Aditya Birla Family, Agents R running behind me 2offer Loans even when not asked. Why don't U Rich Beggars open Money Distribution / Loan business in Pakistan, I bet U will not have 2run behind Indian public begging to take loans",2023-08-12T14:32:34.000Z
@apratimsai9,"A Sparkling Fresh painted #Vishakhapatnam #WAP7 with #Bhubaneswar #Secundrabad #Vishakha Express Captured at #Jatni #KhurdaRoad right now!

#Railfan
@OdishaRail",2023-10-20T03:45:49.000Z
@Katrina5Mm,"≈õarava·πáabhava ""born amongst the reeds"" #Kartikeya 

Now, who does this remind me of... Moses, much...?

Vishakha 'star of Purpose'  

huh...keeps poppin' up 

in lagna chart, I have Vertex 5H in #Vishakha 'divided'

'the branched one'",2023-05-15T22:36:53.000Z
@JainVikramAp,"#vishakha #gasleka #andhrapraesh 
@AndhraPradeshCM
 @ysjagan
 @VisakhapatnamD1
 @vizagcollector
 @GVMC_VISAKHA
 @PatrikaNews
  
@PRaghavn
 @puruam",2022-06-03T11:41:44.000Z
@Kamalak94930639,"@AshwiniVaishnaw
 Sir seriously ! there is no such train from #Cuttack towards #Berhampur or #Puri as emergency daily official trip in the morning time between 8 am. Pls run #Vishakha from #Cuttack. It will be best support Sir.",2022-08-16T02:35:55.000Z
@justice_tarot,"Part 2 of #Vishakha #FullMoon is up!

0:00 #Aries
8:50 #Sagittarius
16:16 #Pisces
22:42 #Leo
31:55 #Scorpio

https://youtu.be/Plfr18dRJ1I",2022-05-09T12:38:42.000Z
@justice_tarot,"#22Feb2022:  #Vishakha #2Cups #Connect For some of us, love may be deepening in a more significant way than we thought. Don't bank on it being romance or only romance, but there are guaranteed to be some strong feelings of healthy love fostering satisfying unions.",2022-02-22T08:13:00.000Z
@Yashraajsharrma,"You would have not aware of this story of #Vishakha Nakshtra and its manifestation in horoscope. It is super exclusive- 
Hidden parts and how to decode a #nakshatra! 
#Astros #astrology #vedicastrology #jyotish #aaskplanets #horoscope #RetweeetPlease
Link-",2021-08-23T16:09:07.000Z
@justice_tarot,"[Part 6] Luckily, the #Ashlesha First Quarter on 9th May and the #Vishakha Full Moon 16th mitigate some of these energies, and bring us back, at least briefly, to the solutions to the many problems that will arise with such a powerful conjunction taking place in the Eclipse.",2022-04-29T21:19:05.000Z
@Vedicastr,"https://vedicastrodiction.com/astrology/vishakha-nakshatra-in-vedic-astrology/‚Ä¶
Symbol of Vishaka nakshatra in vedic astrology 
#astrostuffs #astrology #vedicastrology #astrologer #nakshatra #vishakha #astroloji",2022-08-08T13:30:31.000Z
@vartha24,"#VishakhaNakshatra, #Nakshatra, #Guru, #Vishakha, #Astrology, #Horoscope, #NakshatraCharacteristics, #AstrologicalSigns, #Zodiac, #AstrologyLovers, #VishakhaNakshatraTraits, #Spirituality, #AstrologicalGuidance,",2025-01-28T06:00:11.000Z
@RestInpeacenews,"Vishakha Tripathi, Age : 75, Chief of the Indian spirituals.

cause of death "": traffic collision.

 RIP Sir | Rest in Peace | RIP Legend | RIP 

#VishakhaTripathi #RIPVishakhaTripathi #Vishakha  #Tripathi
#rip #RestInPeace #condolence #died #death #dead #passedaway",2024-11-24T11:58:54.000Z
@justice_tarot,"#27July2023:  #Vishakha #Sun Either we manifest new love and good health without realising it, or we get the first manifestations of that in physical form. Either way, today is a powerful time of joy. We should really expect our divine purpose to be delivered to us through",2023-07-27T01:41:08.000Z
@GroupVishakha,"With the almighty's blessings, passion to protect your solar panels, and our team's heartwork we inaugurated our new office of Vishakha Glass at Mundara, Gujarat-India. Here is to more such steps towards progress.
.
.
.
#Vishakha #vishakhagroup #VishakhaRenewables #vishakhaglass",2024-02-23T13:28:22.000Z
@Katrina5Mm,"Mercury conjunctions have a particular interest to me as I keep meeting ppl, who are ND's, that have them. 

Perry's #Swati Mercury conj. ASC...has me wondering if she's ADHD, along with Saturn/Moon #Vishakha 

I have Venus/Mercury, and my sister, Mercury/Mars #conjunctions",2022-08-29T23:11:41.000Z
@AadhanTelugu,"‡∞µ‡∞ø‡∞∂‡∞æ‡∞ñ ‡∞ú‡∞ø‡∞≤‡±ç‡∞≤‡∞æ ‡∞≠‡±Ä‡∞Æ‡∞ø‡∞≤‡∞ø ‡∞®‡∞ø‡∞Ø‡±ã‡∞ú‡∞ï‡∞µ‡∞∞‡±ç‡∞ó ‡∞∏‡±ç‡∞•‡∞æ‡∞®‡∞æ‡∞®‡±ç‡∞®‡∞ø ‡∞™‡±ç‡∞∞‡∞§‡±Ä ‡∞é‡∞®‡±ç‡∞®‡∞ø‡∞ï‡∞ï‡±Å ‡∞∏‡±Ä‡∞ü‡±Å ‡∞Æ‡∞æ‡∞∞‡±ç‡∞ö‡±á ‡∞ü‡±Ä‡∞°‡±Ä‡∞™‡±Ä ‡∞®‡±á‡∞§ ‡∞ó‡∞Ç‡∞ü‡∞æ‡∞ï‡±Å ‡∞ï‡∞æ‡∞ï‡±Å‡∞Ç‡∞°‡∞æ, ‡∞∏‡±ç‡∞•‡∞æ‡∞®‡∞ø‡∞ï ‡∞∏‡∞Æ‡∞∏‡±ç‡∞Ø‡∞≤‡∞™‡±à ‡∞Ö‡∞µ‡∞ó‡∞æ‡∞π‡∞®, ‡∞™‡±ç‡∞∞‡∞ú‡∞≤ ‡∞ï‡±ã‡∞∏‡∞Ç ‡∞™‡±ã‡∞∞‡∞æ‡∞°‡∞ø‡∞® ‡∞ú‡∞®‡∞∏‡±á‡∞® ‡∞®‡±á‡∞§ ‡∞™‡∞Ç‡∞ö‡∞ï‡∞∞‡±ç‡∞≤ ‡∞∏‡∞Ç‡∞¶‡±Ä‡∞™‡±ç ‡∞ï‡±á ‡∞ï‡±á‡∞ü‡∞æ‡∞Ø‡∞ø‡∞Ç‡∞ö‡∞æ‡∞≤‡∞®‡∞ø ‡∞®‡±á‡∞§‡∞≤ ‡∞Æ‡±Ç‡∞ï‡±Å‡∞Æ‡±ç‡∞Æ‡∞°‡∞ø ‡∞°‡∞ø‡∞Æ‡∞æ‡∞Ç‡∞°‡±ç ..

#Vishakha #Bhimili  #TDP #ChandrababuNaidu #Janasena #PawanKalyan",2024-03-25T05:10:43.000Z
@Balasubramanium,Eesallaa cup namde #RCB #vishakha,2022-03-27T14:15:53.000Z
@NLUJCrimLawBlog,"""Deliberations are important for enacting a well-structured and drafted legislation, they enable the legislature to correct the lacuna existing in an enactment before-hand."" - writes 
@VidhikK
 on POSH Act.
Read here - https://criminallawstudiesnluj.wordpress.com/2021/08/20/protection-of-women-from-harassment-at-workplace-a-mirror-reflection-of-the-vishakha-judgment/‚Ä¶
 #posh #vishakha #sexualharassment",2021-08-21T08:57:49.000Z
@YesimArpat,"Verdiƒüimiz kararlarƒ±n ‚Äò≈üimdilik‚Äô i≈üimizi g√∂rmesi yeterlidir. √á√∂z√ºm hi√ß ummadƒ±ƒüƒ±nƒ±z yerlerden gelebilir.

#vedik #vishakha #vedikastroloji #astroloji #bur√ßlar",2023-11-08T05:43:02.000Z
@thenewsfifteen,"‡§ï‡•å‡§® ‡§π‡•à Vishakha Tripathi ?

#vishakha #BreakingNews #noidanews #Noida #JagadguruShriKripaluJiMaharaj",2024-11-26T13:49:52.000Z
@GroupVishakha,"Do visit us at hall no. 12, booth no. R 646.

#Vishakha #vishakhagroup #VishakhaRenewables #exhibition #rei2024 #renewables #renewablesolutions",2024-10-02T10:11:34.000Z
@bkbtelly,"Indian Mermaid who? 

#sareefashion #anitahassanandani #humrahenarahehum #sonytv #colorstv #shagunarora #yhm #yehhaimohabbatein #naagin6 #tellywood #naagin3 #vishkhanna #makeuptutorial #hairtutorial #naagin4 #vishakha #sareecollection #vish #blousedesigns #sumangali",2023-11-04T07:31:38.000Z
@justice_tarot,"#16January2023:  #Vishakha #Justice Some of us find our intuition & logic entirely on the same page, which leads to just desserts and the feeling of karma being on the right side. It's a sign of things to come. For the rest of us...we need to be on our best behaviour.",2023-01-16T02:17:24.000Z
@news_studio18,#Vishakha: ‡∞∏‡∞ø‡∞Ç‡∞π‡∞æ‡∞ö‡∞≤‡∞Ç ‡∞ó‡∞ø‡∞∞‡∞ø‡∞™‡±ç‡∞∞‡∞¶‡∞ï‡±ç‡∞∑‡∞ø‡∞£‡∞ï‡±Å ‡∞™‡∞ï‡∞°‡±ç‡∞¨‡∞Ç‡∞¶‡±Ä‡∞ó‡∞æ ‡∞è‡∞∞‡±ç‡∞™‡∞æ‡∞ü‡±ç‡∞≤‡±Å.. http://youtube.com/watch?v=RfQgcrOTkIQ&feature=youtu.be‚Ä¶ https://studio18news.com/?p=1145,2022-07-04T10:13:35.000Z
@hotgirlparado,#vishakha She is so cute ,2023-12-16T07:06:17.000Z
@srivarahamihira,#Vishakha #Nakshatra - the controller of senses,2023-02-12T02:16:53.000Z
@prajnya,"The Sexual Harassment of Women at Workplace (Prevention, Prohibition and Redressal) Act, 2013, gives further shape to what #Vishakha mandated by setting out more detailed structures, procedures and rules for preventing workplace violence and access to justice for victims #WSH",2024-01-22T11:30:00.000Z
@idhatri2,"‡∞Ö‡∞Ç‡∞¶‡±Å‡∞ï‡±á ‡∞Æ‡∞Ç‡∞ö‡∞ø ‡∞ö‡±á‡∞Ø‡∞ó‡∞≤‡±Å‡∞ó‡±Å‡∞§‡±Å‡∞®‡±ç‡∞®‡∞æ‡∞Ç : ‡∞ú‡∞ó‡∞®‡±ç 
#idhatri #CMYSJagan #vishakha #partycarde 
https://idhatri.com/cm-jagan-met-vishakha-north-ysrcp-cadre-today-at-tadepalli/#.Y3Oms3_HnRI.twitter‚Ä¶",2022-11-15T14:49:05.000Z
@GroupVishakha,"We, at Vishakha Polyfab, have a strong foot hold around the world and we are proudly serving more than  30+ countries.

#vishakhapolyfab #vishakha #plasticpackaging #packaging #plastic #films #packagingfilms #flexiblepackaging",2022-05-30T09:08:00.000Z
@KevinWang1568,"Gorgeous #teamNaagin working together  
@adaa1nonly
@itsmetejasswi
@MaheckChahal
@anitahasnandani
#AdaaKhan #Shesha #KaaliNaagin 
#TejasswiPrakash #TejDaa 
#Vishakha #AnitaHassanandani #ViSha ",2023-01-28T16:45:40.000Z
@ETVBharatAP,"‡∞§‡±Å‡∞™‡∞æ‡∞®‡±Å ‡∞é‡∞´‡±Ü‡∞ï‡±ç‡∞ü‡±ç - ‡∞™‡±ç‡∞∞‡∞ß‡∞æ‡∞®‡∞ø ‡∞Æ‡±ã‡∞¶‡±Ä ‡∞µ‡∞ø‡∞∂‡∞æ‡∞ñ ‡∞™‡∞∞‡±ç‡∞Ø‡∞ü‡∞® ‡∞∞‡∞¶‡±ç‡∞¶‡±Å
#Modi #PMModi #vishakha",2024-11-26T00:36:27.000Z
@ShardaAnuradha,"People born Friday are giving and generous. They are open to manipulations by others.

#Nakshatra #Dhanistha #Vishakha #IndraAgni #Weekday #Friday #Venus #Yoga #Ayushman #Moon #Tithi #Pratipada #Agni",2021-11-05T03:00:12.000Z
@justice_tarot,"#06May2023:  #Vishakha #AceofCups Coming into today is truly lovely energy of radiating our own individual lights whilst giving one another the chance to shine. When today starts, love can take the place of competition, and we're more inclined to listen to each other.",2023-05-05T17:13:29.000Z
@justice_tarot,#05August2022:  #Vishakha #8ofWands,2022-08-04T22:28:39.000Z
@justice_tarot,"#13February2023:  #Vishakha #4ofWands Look further from home for allies. Whether it be in your local neighbourhood or amongst those closest to us, it's clear we will not find people of sorts among us. This is a #Moon of mutual desire, not mutual  space or knowledge.",2023-02-13T12:34:47.000Z
@NaaginBlockbus1,"#BREAKING 
( #Naagin_Blockbuster )

As Per Sources #AnitaHassanandani Enter in #Naagin6 As #Vishakha !!

She will seen as Negative Naagin .

#TejasswiPrakash #Naagin",2023-01-08T16:28:00.000Z
@JOTHITVOFFICIAL,"‡Æµ‡Æø‡Æö‡Ææ‡Æï‡ÆÆ‡Øç ‡Æ®‡Æü‡Øç‡Æö‡Æ§‡Øç‡Æ§‡Æø‡Æ∞‡ÆÆ‡Øç | 27 ‡Æ®‡Æü‡Øç‡Æö‡Æ§‡Øç‡Æ§‡Æø‡Æ∞‡Æï‡Øç‡Æï‡Ææ‡Æ∞‡Æ∞‡Øç‡Æï‡Æ≥‡ØÅ‡ÆÆ‡Øç ‡Æö‡ØÜ‡ÆØ‡Øç‡ÆØ ‡Æµ‡Øá‡Æ£‡Øç‡Æü‡Æø‡ÆØ ‡Æ™‡Æ∞‡Æø‡Æï‡Ææ‡Æ∞‡ÆÆ‡Øç | VishakhaNakshatra | Jothitv  

Full video: https://youtu.be/a3uM16zmYKg  

#KettaiNatchathiramPalangal #Vishakha #27NatchathiramPalangal #VishakhaNatchathiram #jothitv #jothitvlatest #‡Æµ‡Æø‡Æö‡Ææ‡Æï‡ÆÆ‡Øç‡Æ®‡Æü‡Øç‡Æö‡Æ§‡Øç‡Æ§‡Æø‡Æ∞‡ÆÆ‡Øç",2024-02-01T07:19:38.000Z
@GroupVishakha,"By preventing the ingress of dirt and debris, our solar glass not only maintains the output level of your solar panel but also empowers the durability you can depend upon.
To know more, connect with our team of experts at http://vishakharenewables.com
.
.
#Vishakha #VishakhaRenewables",2024-05-17T13:05:45.000Z
@Tapanazad,"@AshwiniVaishnaw
 @RailMinIndia
 @RailwaySeva
 ‡¨¶‡≠ü‡¨æ‡¨ï‡¨∞‡¨ø ‡¨ï‡¨ü‡¨ï‡¨∞‡≠Å #Vishakha ‡¨ü‡≠ç‡¨∞‡≠á‡¨® ‡¨ï‡≠Å ‡¨ö‡¨æ‡¨≤‡≠Å ‡¨ï‡¨∞‡¨æ‡¨ó‡¨≤‡≠á ‡¨¨‡¨π‡≠Å‡¨§‡≠ç ‡¨Ö‡¨´‡¨ø‡¨∏ ‡¨ï‡¨∞‡≠ç‡¨Æ‡¨ö‡¨æ‡¨∞‡≠Ä ‡¨â‡¨™‡¨ï‡≠É‡¨§ ‡¨π‡≠Å‡¨Ö‡¨®‡≠ç‡¨§‡≠á‡•§",2022-10-17T04:04:12.000Z
@KevinWang1568,"Naagin 6 fun edition, sisters treasure hunt 

Video/Audio Copyright  ‚Ä¢ VIACOM18, Colorstv and Voot 
@adaa1nonly
 
@anitahasnandani
 

#AdaaKhan #Shesha #KaaliNaagin 

#Vishakha #AnitaHassanandani #ViSha ",2023-02-09T08:45:51.000Z
@GroupVishakha,"Celebrating the man who has always trusted in his vision and has always made efforts for the greater good of society. Wishing a very delightful birthday to our honourable CMD Shri Jigish Doshi.

#vishakha #vishakhagroup #vishakharenewables #vishakhafoundation #vishakhamouldings",2024-01-17T06:10:43.000Z
@GroupVishakha,"Let's spread the goodness within by remembering the idol and spreading his message for humanity.
.
.
.
.
#vishakha #vishakhagroup #vishakharenewables #vishakhafoundation
#vishakhamouldings #vishakhapipes #vishakhapolyfab #GoodFriday",2024-03-29T05:20:54.000Z
@justice_tarot,"#10July2022:  #Vishakha #9ofPentacles Now is not the time to rest on our laurels - there are far too many opportunities in front of us, for us to truly relax. What actually NEEDS to happen as the day starts, as we act on our passions on a deeper, selfless level.",2022-07-09T23:00:01.000Z
@NaaginBlockbus1,"#SuperExclusive 

#AnitaHassanandani Makes Her Come-Back with #Naagin6 !!

#Tejasswiprakash #Vishakha #pratha #Naagin3  #Naagin_Blockbuster",2022-04-07T10:42:29.000Z
@GroupVishakha,"Renewable energy is the future of our country, and we are fully equipped to protect it. We design our new-age solar glasses with durability to endure harsh environments.

For more connect with us at http://vishakharenewables.com
.
.
.
#Vishakha #VishakhaRenewables #solarindustry #solar",2024-01-23T13:28:31.000Z
@Vedicastr,"https://vedicastrodiction.com/astrology/vishakha-nakshatra-in-vedic-astrology/‚Ä¶
Vishaka nakshatra in vedic astrology 
#astrostuffs #astrology #vedicastrology #astrologer #nakshatra #vishakha #astroloji",2022-08-08T13:23:07.000Z
@micnewdelhi,"#‡§Æ‡§∞‡§æ‡§†‡•Ä‡§≠‡§æ‡§∑‡§æ‡§ó‡•å‡§∞‡§µ‡§¶‡§ø‡§®

Smt. #Supriyadevsthali-Kolte, Director in the Dept. for Promotion of Industry & Internal Trade, GoI, recites an excellent composition, #PrithvichePremGeet, from one of the #Kusumagraj‚Äôs poetry collections, #Vishakha 
The campaign is organised by #MahaInfoCentre",2022-02-14T03:31:37.000Z
@GroupVishakha,"The innovation that will bring change is already with us. But, it needs our support to make the world a better place. This World Environment Day, let's commit to implementing the change.

 #worldenvironmentday #vishakha #vishakhagroup",2024-06-05T06:31:20.000Z
@AadhanTelugu,"‡∞µ‡∞ø‡∞∂‡∞æ‡∞ñ ‡∞°‡±ç‡∞∞‡∞ó‡±ç‡∞∏‡±ç ‡∞ï‡±á‡∞∏‡±Å‡∞≤‡±ã, ‡∞ú‡±á-‡∞ó‡±ç‡∞Ø‡∞æ‡∞Ç‡∞ó‡±ç ‡∞Ö‡∞°‡±ç‡∞°‡∞Ç‡∞ó‡∞æ ‡∞¶‡±ä‡∞∞‡∞ø‡∞ï‡∞ø‡∞™‡±ã‡∞Ø‡∞æ‡∞∞‡±Å. 

#Vishakha #TDP #YCP #YSJagan #YSRCP  #ChandrababuNaidu  #APNews #AndhraPradesh #APPolitics #APElections2024 #Elections2024",2024-03-23T07:59:46.000Z
@JainVikramAp,"#AP #vishakha Several hospitalised due to gas leakage at a SEZ in Achutharapuram.Tension prevailed as gas leaked at Brandix, Atchutapuram on Friday.Those who were present at the company ran away from the spot, feeling discomfort and uneasiness.
@rpbreakingnews
 @AndhraPradeshCM",2022-06-03T11:13:13.000Z
@ConsultantIndi1,"Thanks to
#Vishakha
#Manasi

From BSE to resolve this much critical issues!!
@CoinByZerodha
 
@zerodhaonline
 
Thanks to Neelesh & Arjun Oberoi from Zerodha 

She got the refund !!",2022-07-22T05:37:41.000Z
@justice_tarot,"#06November2023: Dark Luna divination is up! https://youtu.be/_Q0usro73P0?si=Jf70Ivsu-X9-9NKP‚Ä¶

#PsychicReadings #EmpressJusticeTarot #Tarot #VedicAstrology #Vishakha #NewMoon #Ashlesha #ThirdQuarterMoon #Cancer #Taurus #Virgo #Capricorn #Aquarius #Gemini #Libra #Aries",2023-11-06T21:41:32.000Z
@JennieCipriotti,Scarlet Sky  #vishakha,2024-11-30T01:28:50.000Z
@GroupVishakha,"We build trust by delivering quality and that is what has helped us scale immensely into the giant business scale of gas pipes.

To learn more about our exceptional solutions, connect with us at http://vishakhapipes.com.
.
.
.
.
.",2024-05-27T12:14:39.000Z
@ShardaAnuradha,"#Nakshatra #Vishakha #IndraAgni #Weekday #Thursday #Jupiter #Yoga #Dhriti #Apas #Tithi #Ekadashi #Vishwadevtas

Today is a good day to be silent yet firm in your relationships.

I've begun to realize that you can listen to silence and learn from it.",2021-12-30T03:18:00.000Z
@Manoranjan43227,"Anita to come back soon On Television

#anitahassanandani #anitahassanandanireddy #anitahassanandanisquad #yehhaimohabbatein #starplus #naagin3 #naagin #vishakha",2024-01-30T05:19:57.000Z
@ShardaAnuradha,"People born on Chaturdashi Tithi are soft from inside and strong on justice. They respond to the call of help very quickly..
.
.
.
.

#Astrology #anuradha #learnwithanuradha #Vishakha #IndraAgni #Weekday #Friday #Venus #Yoga #Atigandha #NewMoon #Tithi #Chaturdashi #Shiva",2021-12-03T03:00:03.000Z
@GroupVishakha,"Witness our team members experiencing the joy of introducing their workplace at Vishakha to their family members. Such visits bridge a new bond amidst families that fosters a sense of pride and accomplishment.

#Vishakha #Vishakhagroup #familyvisit",2024-07-30T09:10:02.000Z
@justice_tarot,"Part 2 of #NewMoon in #Vishakha (Letitia ""Shuri"" Wright has #Mercury & #Mars in Vishakha. Don't @ me)

0:00 #Pisces
15:18 #Aries
25:25 #Scorpio
36:22 #Sagittarius
51:20 #Leo
1:03:00 #Capricorn
1:11:20 #Taurus",2022-11-19T12:32:50.000Z
@justice_tarot,"Live IG reading for #FullMoon in #Vishakha coming up in a few minutes, at 9:00 BST!

#EmpressJusticeTarot #Tarot #VedicAstrology #Nakshatras #Astrology #Divination #Occult #Alchemy",2022-05-09T07:56:59.000Z
@justice_tarot,"Hey, everyone! I will be doing a Live IG reading for the #FullMoon - and Lunar eclipse now! - in #Vishakha tomorrow at 9:00 BST, which includes some tea on that #FirstQuarterMoon in #Ashlesha, which drops on that day! Be sure not to miss it! https://instagram.com/empressjusticetarot/‚Ä¶",2022-05-08T11:15:02.000Z
@PinkSpiderTarot,"...is paired/split between #Vishakha & #Anuradha in #Libra (Heaven's Gate) as Benefactor & Matrix-Hacker, which align with the calendar dates of November 14 & 15; someone who died (younger & violently - my primary Neptune is #AnnaMaePictouAquash) guides her trajectory, helped or",2023-08-13T16:16:52.000Z
@srivarahamihira,"#Vishakha #Nakshatra #Mantra

‡•ê ‡§á‡§®‡•ç‡§¶‡•ç‡§∞‡§æ‡§®‡•ç‡§ó‡•Ä ‡§Ü‡§ó‡§§ ‡§ó‡§µ‡§Ç ‡§∏‡•Å‡§§‡§Ç ‡§ó‡§æ‡§∞‡•ç‡§≠‡§ø‡§∞‡•ç‡§®‡§Æ‡•ã ‡§µ‡§∞‡•á‡§£‡•ç‡§Ø‡§Æ ‡•§ ‡§Ö‡§∏‡•ç‡§Ø ‡§™‡§æ‡§§ ‡§ò‡§ø‡§Ø‡•ã‡§∑‡§ø‡§§‡§æ ‡•§ 
o·πÉ indrƒÅngƒ´ ƒÅgata gava·πÉ suta·πÉ gƒÅrbhirnamo vare·πáyama ‡•§ asya pƒÅta ghiyo·π£itƒÅ ‡•§",2023-02-12T02:16:54.000Z
@justice_tarot,"#12June2022:  #Vishakha #QueenofWands Many of us are in pure unbothered mode, as we're focused on our own lives, passions and/or responsibilities. There are those folk here and there who are still on petty shit, but today we aim higher. With good results, too.",2022-06-11T23:00:02.000Z
@justice_tarot,"#23Feb2022:  #Vishakha Before we make decisions on being honest or dishonest, we must think about the long-term effects for everyone involved, not just ourselves. This means we can't just blurt stuff out for the sake of it...we can't stay silent for the same reason either.",2022-02-23T08:00:00.000Z
@GroupVishakha,"Efficiency is a technique mastered by improving skills and focused training. Our team always anticipates such sessions to learn more life-changing values. So we organised a training programme for them at the Vadsar office, Mundra, Gujarat.  
#Teamtraining #Vishakha #VishakhaGroup",2024-07-17T09:25:14.000Z
@CharkhaFeatures,"Charkha x Vishakha | Some glimpses from the last 2 days of our 5-day residential workshop ‚ÄòUnderstanding Development, Gender & Media' with the 22 young girls, who are a part of #Vishakha‚Äôs work in #remote villages of #Salumbar, #Udaipur. (1/4)
@ChetnaKVerma
 @RajeshN76140936",2023-04-12T15:20:43.000Z
@GroupVishakha,"Certified by globally recognized bodies like ISO and TUV Rheinland, our solar glass meets the highest standards of quality, trust, and performance. 
Connect with us at http://vishakharenewables.com to know more.
#Vishakha #vishakhagroup #VishakhaRenewables #solarindustry #solarglass",2024-12-09T08:29:20.000Z
@medi_astro,#nakshatra #vishakha #MediAstro,2023-07-27T20:14:56.000Z
@justice_tarot,"#13February2023:  #Vishakha #KnightofSwords There will be some controversy stirred up, and in the unlikeliest of places. But...you do get a sense of what the controversy will be about. For now, focus on commonalities and mutual causes. That weathers the storm for later.",2023-02-13T11:25:14.000Z
@Bimal_Trivedi,"Skandokomaro Bizago (Skanda and Vishakha) on Huvishka Gold Dinar.  Legends in Bactrian Greek on the reverse clearly inscribed
#money #numismatics #coins #kushan #huvishka #ancientindia #murugan #karthikeya #vishakha #bizago",2021-11-23T07:42:09.000Z
@GroupVishakha,"Celebrating others' milestones fuels our passion too. Our honourable founder Shri Jigish Doshi was invited to light the lamp of prosperity at Ahmedabad's 100th branch of ICICI Bank at Inspire Business Park, Adani Shantigram. We extend our congratulations to the team.
#vishakha",2024-02-25T04:00:00.000Z
@PinkSpiderTarot,"3+ Days of being Pioneers with the #Sun in Pada 1 of #Vishakha in #Virgo, Nov. 2-5/23 - the Sun reaches #Libra on the 5th; if your Sun/#birthday is in this Pada, your instincts & triggers are tied to being in the right place at the right time to create opportunities for change;",2023-11-02T14:06:50.000Z
@bagath1,"‡∞µ‡∞ø‡∞∂‡∞æ‡∞ñ ‡∞ó‡∞∞‡±ç‡∞ú‡∞® ‡∞Ö‡∞®‡±ç‡∞®‡∞∞‡±Å ‡∞µ‡∞∞‡±ç‡∞∑‡∞Ç  ‡∞ó‡∞∞‡±ç‡∞ú‡∞ø‡∞∏‡±ç‡∞§‡±Å‡∞Ç‡∞¶‡∞ø # #‡∞µ‡∞ø‡∞∂‡∞æ‡∞ñ ‡∞∏‡∞æ‡∞ó‡∞∞‡±ç ‡∞§‡±Ä‡∞∞‡∞Æ‡±Å#Vishakha#YSrcp jac  
@ysjagan
 @gudivadaamar
 @AvanthiSrinivas
       #The power of water .",2022-10-15T04:14:21.000Z
@tharejaarun,"#Astrology: #Vishakha Nakshatra - Bollywood Celebrity #AishwaryaRaiBachchan   
Possessed the five kinds of magnetic feminine beauty
1. Beautiful hair,
2. A beautiful curvaceous figure,
3. Beautiful bone structure,",2024-07-21T08:06:44.000Z
@pariwms,Vishakha  #naagin3 #naagin #vish #vishakha #anitahassanandani #tellywood,2024-04-22T12:10:37.000Z
@HTKannadaNews,"‡≤µ‡≤ø‡≤∂‡≤æ‡≤ñ ‡≤®‡≤ï‡≥ç‡≤∑‡≤§‡≥ç‡≤∞‡≤ï‡≥ç‡≤ï‡≥Ü ‡≤Ö‡≤ß‡≤ø‡≤™‡≤§‡≤ø ‡≤Ø‡≤æ‡≤∞‡≥Å, ‡≤à ‡≤®‡≤ï‡≥ç‡≤∑‡≤§‡≥ç‡≤∞‡≤¶‡≤≤‡≥ç‡≤≤‡≤ø ‡≤ú‡≤®‡≤ø‡≤∏‡≤ø‡≤¶‡≤µ‡≤∞‡≤ø‡≤ó‡≥Ü ‡≤è‡≤®‡≥Å ‡≤¶‡≥ã‡≤∑‡≤µ‡≤ø‡≤∞‡≥Å‡≤§‡≥ç‡≤§‡≤¶‡≥Ü,‡≤™‡≤∞‡≤ø‡≤π‡≤æ‡≤∞‡≤µ‡≥á‡≤®‡≥Å? ‡≤é‡≤≤‡≥ç‡≤≤‡≤¶‡≤ï‡≥ç‡≤ï‡≥Ç ‡≤á‡≤≤‡≥ç‡≤≤‡≤ø‡≤¶‡≥Ü ‡≤â‡≤§‡≥ç‡≤§‡≤∞

https://kannada.hindustantimes.com/astrology/astrology-who-is-the-lord-for-vishakha-nakshatra-astrological-remedy-horoscope-news-in-kannada-rsm-181690997550056.html‚Ä¶

#vishakha #astrology #horoscope #HTKannada",2023-08-03T01:58:06.000Z
@RMaachana,"#Train
#Rail
#accident
#Srikakulam
#Railway
#Emergency 
@drmgnt
 
@drmvijayawada
 
@eastcostrail
@RailMinIndia
 ",2023-10-29T18:13:34.000Z
@NtvTeluguLive,"‡∞Ü‡∞Ç‡∞ß‡±ç‡∞∞ ‡∞Ø‡±Ç‡∞®‡∞ø‡∞µ‡∞∞‡±ç‡∞∏‡∞ø‡∞ü‡±Ä ‡∞∏‡±ç‡∞ü‡±ç‡∞∞‡∞æ‡∞Ç‡∞ó‡±ç ‡∞∞‡±Ç‡∞Æ‡±ç‡∞∏‡±ç ‡∞¶‡∞ó‡±ç‡∞ó‡∞∞ ‡∞≠‡∞æ‡∞∞‡±Ä ‡∞≠‡∞¶‡±ç‡∞∞‡∞§

#Vishakha #EVM #AndhraPradesh #AndhraUniversity #NTVTelugu",2024-05-21T08:00:46.000Z
@Sweetykiduniya,"#vishakhaìÉ≠
Tu bhi ban sherni 

#ShehnaazGill",2022-02-23T06:50:24.000Z
@justice_tarot,"#27July2023:  #Vishakha #3ofPentacles Coming into today, bolstered by what we are most passionate about, we've had to learn to accept and make the most of what we have. Contrary to what the Goddess Oracle card says though - well, almost contrary -  this isn't just to do",2023-07-27T01:35:18.000Z
@KevinWang1568,"Gorgeous #teamNaagin working together  
@adaa1nonly
 
@MaheckChahal
 
@anitahasnandani
@SudhaaChandran
#AdaaKhan #Shesha #KaaliNaagin 
#Yamini #SudhaChandran #YaSha 
#Vishakha #AnitaHassanandani #ViSha ",2023-01-27T15:24:09.000Z
@esichq,to the participants underscoring the importance of #Vishakha judgement as a significant step towards ensuring healthy and equal environment for working women.,2023-12-08T16:36:35.000Z
@justice_tarot,"#07November2023: Dark Luna divination is up! http://youtu.be/_Q0usro73P0?si‚Ä¶

#PsychicReadings #EmpressJusticeTarot #Tarot #VedicAstrology #Vishakha #NewMoon #Ashlesha #ThirdQuarterMoon",2023-11-07T10:16:28.000Z
@shreyashk_25,"#AmitabhBacchan #AnkushGedam #RajiaKazi #Bhavana #Babu #RinkurRajguru #AkashThosar #Vishakha Is Fab !

#Jhund",2022-03-06T12:59:53.000Z
@salvation_check,"Well, maybe #anuradha and #vishakha 

#jyestha‚Äôs edge on looking like a pretty innocent teenager; but has the most wicked mind ever. https://x.com/ASTROH3AVEN/st/ASTROH3AVEN/status/1772070675835912574‚Ä¶",2024-03-25T14:59:51.000Z
@GroupVishakha,"May the wise wisdom of the almighty guide us towards new beginnings of change. Vishakha family wishes all of you a very Vigorous Vasant Panchami.
.
.
.
#vishakha #vishakhagroup #vishakharenewables #vishakhafoundation #vishakhamouldings #vishakhapipes #vasantpanchmi #basantpanchmi",2024-02-14T05:34:39.000Z
@AadhanTelugu,"‡∞µ‡∞ø‡∞∂‡∞æ‡∞ñ ‡∞∞‡∞æ‡∞ú‡∞ß‡∞æ‡∞®‡∞ø ‡∞è‡∞∞‡±ç‡∞™‡∞æ‡∞ü‡∞Ø‡±ç‡∞Ø‡±á ‡∞µ‡∞∞‡∞ï‡±Å ‡∞π‡±à‡∞¶‡∞∞‡∞æ‡∞¨‡∞æ‡∞¶‡±ç‚Äå‡∞®‡±Å ‡∞â‡∞Æ‡±ç‡∞Æ‡∞°‡∞ø ‡∞∞‡∞æ‡∞ú‡∞ß‡∞æ‡∞®‡∞ø‡∞ó‡∞æ ‡∞ï‡±ä‡∞®‡∞∏‡∞æ‡∞ó‡∞ø‡∞Ç‡∞ö‡∞æ‡∞≤‡∞ø - ‡∞µ‡±à‡∞∏‡±Ä‡∞™‡±Ä ‡∞®‡∞æ‡∞Ø‡∞ï‡±Å‡∞°‡±Å ‡∞µ‡±à‡∞µ‡±Ä ‡∞∏‡±Å‡∞¨‡±ç‡∞¨‡∞æ‡∞∞‡±Ü‡∞°‡±ç‡∞°‡∞ø .

#Vishakha #YVSubbaReddy #YSRCP #AndhraPadesh #YCP  #YSJagan #TDP #Chandrababu #Janasena #PawanKalyan #APElections2024 #APCC #APPolitics #Elections2024  #YSSharmila",2024-02-13T09:40:11.000Z
@GURUJAHRA,#vishakha tyyyy,2022-01-12T16:24:11.000Z
@BeautyAdmire0,"Vishakha Raghav
#VishakhaRaghav #Vishakha",2024-07-21T06:16:25.000Z
@Vishakhabisht11,"#flowers#mainekahaphoolonse #terracegarden #sunshine #greenery #vishakha
https://instagram.com/reel/CnbSIc4qqiQ/?igshid=MDJmNzVkMjY=‚Ä¶",2023-01-15T16:15:36.000Z
@vseema,"Now Brij Bhushan will define sexual harassment ?
#vishakha guidelines can take a hike .",2023-08-10T02:41:51.000Z
@AadhanTelugu,"‡∞µ‡∞ø‡∞∂‡∞æ‡∞ñ‡∞≤‡±ã ‡∞Ü‡∞°‡±Å‡∞¶‡∞æ‡∞Ç ‡∞Ü‡∞Ç‡∞ß‡±ç‡∞∞ ‡∞ï‡∞¨‡∞°‡±ç‡∞°‡±Ä ‡∞´‡±à‡∞®‡∞≤‡±ç ‡∞™‡±ã‡∞ü‡±Ä‡∞≤‡∞ï‡±Å ‡∞π‡∞æ‡∞ú‡∞∞‡±à‡∞® ‡∞Æ‡∞Ç‡∞§‡±ç‡∞∞‡∞ø ‡∞∞‡±ã‡∞ú‡∞æ 
‡∞ï‡∞¨‡∞°‡±ç‡∞°‡±Ä ‡∞Ü‡∞°‡∞ø ‡∞∏‡∞Ç‡∞¶‡∞°‡∞ø ‡∞ö‡±á‡∞∏‡∞ø‡∞® ‡∞Æ‡∞Ç‡∞§‡±ç‡∞∞‡∞ø ‡∞∞‡±ã‡∞ú‡∞æ .

#RKRoja #Vishakha #AadudamAndhra #YSRCP #AndhraPadesh #YCP  #YSJagan #TDP #Chandrababu #Janasena #PawanKalyan #APPolitics #APElections2024 #APCC #Elections2024  #YSSharmila",2024-02-13T08:24:15.000Z
@LalithaAstro,"6/ When Venus in Vishakha represents you, such as being your atma karaka or ascendant lord, it signals deep struggles with love & decision making. The duality manifests in relationships, torn between partners or paths, requiring greater introspection for balance.#Venus #Vishakha",2024-10-05T07:43:16.000Z
@GroupVishakha,#Vishakha #vishakhagroup #VishakhaRenewables #solarindustry #solar #backsheet #solarpanels #encapsulant #solarmodule #solarpanelsystem #india #manufacturing #renewables #renewablesolutions #madeinindia #Solarglass,2024-09-30T05:47:27.000Z
@justice_tarot,"#02Setember2022:  #Vishakha #8ofSwords At the beginning of today...ugh, it really feels as if a professional situation in particular is working our nerves. Something comes around at just the right time to help us out, though, starting the day off on a good note.",2022-09-02T05:00:00.000Z
@justice_tarot,"Part 1 of #Vishakha #FullMoon is up!


34:14 #Cancer
44:57 #Taurus
55:07 #Virgo
1:03:38 #Capricorn
1:12:02 #Aquarius
1:19:15 #Libra
1:25:18 #Gemini",2022-05-09T12:20:13.000Z
@abeleis_,"Welcome happy to see #vishakha back
but i really want chemistry to establish now for lead pair story is not so sync 
#TejasswiPrakash #Naagin6 #pratha #PraRish",2022-04-07T08:36:48.000Z
@_say_cute_,"#vishakhaìÉ≠
Thik hai fir mai bhi ban gayi sherni

#ShehnaazGill",2022-02-23T06:52:19.000Z
@PinkSpiderTarot,"if #IREvSCO play #RWC2023 to FT, the #Vertex/West/actions of both sides' Management will end the match in Pada 1 of #Vishakha/#Libra as Pioneers - their decisions starting in conjunction with #Mars/Mission & Loyalties on the Forbidden Path to Heaven in #Chitra/#Virgo, while the",2023-10-04T06:02:47.000Z
@justice_tarot,"#09May2022: Hi, everyone! The Live IG reading for the #FullMoon - and Lunar eclipse! - in #Vishakha drops on 9th May at 9:00 BST, which includes some tea on that #FirstQuarterMoon in #Ashlesha! Don't miss the tea! https://instagram.com/empressjusticetarot/‚Ä¶",2022-05-08T23:00:00.000Z
@GroupVishakha,"Our sports day was a very memorable and joyful experience for all. It wasn‚Äôt about winning or losing, but to have fun together.
.
.
.
.
#vishakha #vishakhagroup #vishakharenewables
#vishakhamouldings #vishakhapipes #vishakhapolyfab #sportsday #corporateactivity #employeeactivity",2024-04-22T13:03:56.000Z
@sansad_tv,"‡§ï‡•ç‡§Ø‡§æ ‡§Ü‡§™ ‡§ú‡§æ‡§®‡§§‡•á ‡§π‡•à‡§Ç ‡§ï‡§ø ‡§∏‡•Å‡§™‡•ç‡§∞‡•Ä‡§Æ ‡§ï‡•ã‡§∞‡•ç‡§ü ‡§®‡•á ‡§µ‡§ø‡§∂‡§æ‡§ñ‡§æ ‡§ó‡§æ‡§á‡§°‡§≤‡§æ‡§á‡§®‡•ç‡§∏ ‡§ú‡§æ‡§∞‡•Ä ‡§ï‡§ø‡§è ‡§•‡•á, ‡§µ‡•á ‡§ï‡§ø‡§∏ ‡§Æ‡•Å‡§¶‡•ç‡§¶‡•á ‡§∏‡•á ‡§∏‡§Ç‡§¨‡§Ç‡§ß‡§ø‡§§ ‡§π‡•à‡§Ç?

#vishakha #ConstitutionOfIndia #SupremeCourt",2024-09-26T16:29:57.000Z
@uniquetimesorg,"Akshaya Tritiya 2023: Unlocking Prosperity And Blessings With Dos And Don‚Äôts

Know more: https://uniquetimes.org/akshaya-tritiya-2023-unlocking-prosperity-and-blessings-with-dos-and-donts/‚Ä¶

#uniquetimes #LatestNews #akshayatritiya2023 #hindumonth #vishakha #auspiciousfestival",2023-04-21T12:14:58.000Z
@TELUGUNEWS123,"‡∞∏‡∞Æ‡±à‡∞ï‡±ç‡∞Ø‡∞æ‡∞Ç‡∞ß‡±ç‡∞∞....
‡∞π‡±à‡∞¶‡∞∞‡∞æ‡∞¨‡∞æ‡∞¶‡±ç..
‡∞™‡±ç‡∞∞‡∞§‡±ç‡∞Ø‡±á‡∞ï ‡∞π‡±ã‡∞¶‡∞æ...
‡∞™‡±ã‡∞≤‡∞µ‡∞∞‡∞Ç...
‡∞µ‡∞ø‡∞∂‡∞æ‡∞ñ ‡∞∏‡±ç‡∞ü‡±Ä‡∞≤‡±ç....

‡∞Ö‡∞®‡±ç‡∞®‡±Ä ‡∞∏‡∞æ‡∞ß‡∞ø‡∞Ç‡∞ö‡∞æ‡∞Ç..

‡∞á‡∞™‡±ç‡∞™‡±Å‡∞°‡±Å ... ‡∞Æ‡∞®‡∞≤‡±ã ‡∞Æ‡∞®‡∞Ç ...‡∞™‡∞æ‡∞∞‡±ç‡∞ü‡±Ä‡∞≤ ‡∞™‡∞∞‡∞Ç‡∞ó‡∞æ... ‡∞™‡±ã‡∞∞‡∞æ‡∞°‡±Å‡∞ï‡±Å‡∞Ç‡∞ü‡±Å‡∞®‡±ç‡∞®‡∞æ‡∞Ç... ‡∞á‡∞¶‡±á ‡∞§‡±Ü‡∞≤‡±Å‡∞ó‡±Å ‡∞µ‡∞æ‡∞∞‡∞ø ‡∞ó‡±ä‡∞™‡±ç‡∞™‡∞§‡∞®‡∞Ç...",2022-10-15T06:08:32.000Z
@justice_tarot,"#20September2023: #Hermit #Vishakha #WaxingCrescentMoon Some of us have a healthy understanding of opposites, and thus a healthier idea of love. At the same time, us being less combative and more open to listening might cause some to try to manipulate us. Stand by whatever",2023-09-20T10:34:52.000Z
@Political1253,‡∞Ö‡∞Ç‡∞§‡∞∞‡∞æ‡∞ú‡∞æ‡∞§‡±Ä‡∞Ø‡∞Ç‡∞ó‡∞æ ‡∞Æ‡∞∞‡∞ø‡∞Ç‡∞§ ‡∞â‡∞®‡±ç‡∞®‡∞§ ‡∞∏‡±ç‡∞•‡∞æ‡∞®‡∞æ‡∞®‡∞ø‡∞ï‡∞ø ‡∞µ‡∞ø‡∞∂‡∞æ‡∞ñ. #Vishakha  #YSJaganMarkGovernance,2021-12-04T05:35:45.000Z
@Thileep_Off,"#Vishakha About Ajith Sir 

#AjithKumar #VidaaMuyarchi #GoodBadUgly",2024-05-30T05:46:20.000Z
@GroupVishakha,"We look forward to participating in many such exhibitions in the near future and making a tangible impact.

#Vishakha #vishakhagroup #VishakhaRenewables #exhibition #rei2024 #renewables #renewablesolutions",2024-10-08T07:51:12.000Z
@justice_tarot,"#26July2023:  #Vishakha #QueenofWands True meaning brings us to nothing less than pure personal power coming into the latter half of today. Love becomes stronger in many ways, and because of this, so do we. As a result, we are all business, focused on vocations, passions",2023-07-26T13:16:42.000Z
@Tapanazad,"@RailMinIndia
 @AshwiniVaishnaw
 @gmeastcoastrly 
@gm_crly
 You are kind request to run #Vishakha train from cuttack which runs from Bhubaneswar now. It will be smoothen for official employees who are suffering many hurdles as there is no fix train from cuttack.",2022-08-16T02:21:17.000Z
@GroupVishakha,"May the dawn of this Republic Day bring immense growth opportunities for our nation and embark all of us on a glorious journey of progress. Vishakha family wishes all of you a very #DignifiedRepublicDay.
.
.
.
#republicday #indianrepublicday #vishakha #vishakhagroup",2024-01-26T02:50:03.000Z
@justice_tarot,"#09April2023: #Vishakha #4ofSwords Coming into today, passive or active meditation has an effect on folks' mindset. There's a determination here to fight for what's right, but to do it in a thoughtful, measured, even peaceful way. This informs our professional decisions.",2023-04-09T12:17:55.000Z
@Katrina5Mm,"Jupiter #purvaBhadrapada 9H #LuckyFeet 

trine

Saturn rx #Punarvasu  1H 

trine

Vertex #Vishakha 5H",2022-07-07T08:49:45.000Z
@tarotnuit,"#vishakha: seu poder pode ser muito maior do que voc√™ imagina. √© como se em v√°rios momentos voc√™ buscasse suporte de/em algo externo sem perceber o que voc√™ mesmo pode oferecer a si ou a determinadas situa√ß√µes. o sol aparece aqui como o ego, a autoestima e a confian√ßa, (+)",2023-10-19T06:38:52.000Z
@VarunDhamaBjp,#Happy 1st #anniversary ...My Dear Wife #Vishakha                     ‡§Æ‡§π‡§æ‡§¶‡•á‡§µ ‡§ï‡•Ä ‡§ï‡•É‡§™‡§æ ‡§î‡§∞ ‡§Ü‡§™ ‡§∏‡§¨‡§ï‡§æ ‡§Ü‡§∂‡•Ä‡§∞‡•ç‡§µ‡§æ‡§¶ ‡§π‡§Æ ‡§™‡§∞ ‡§ê‡§∏‡§æ ‡§π‡•Ä ‡§¨‡§®‡§æ ‡§∞‡§π‡•á ,2025-02-06T06:48:33.000Z
@tharejaarun,"#Astrology : #Vishakha #Nakshtra 
Vishakha Nakshtra : to split, to grow by splitting-shooting, to cast, to throw
decision forks, decision trees ,Split and grow
Empowered to Grow Purposefully
the fork, the branch, the split
shakti shock, electro-magnetic lightning",2023-06-22T07:51:41.000Z
@justice_tarot,"#06August2022:  #Vishakha #Devil Today has actually has a fabulous start - we may find ourselves in the presence of people who are the bright lights to our darker tendencies, potentially helping us to make healthier choices in our lives, and develop better habits.",2022-08-06T05:00:00.000Z
@justice_tarot,"#21Mar2022:  #Vishakha #3Swords #Trust There might be this desire to couple with someone, and especially someone drastically different to ourselves. But Spirit is telling us that now is not the time. The trust we need to have, for those who are single, is in our own solitude.",2022-03-21T06:13:00.000Z
@Yashraajsharrma,"You would have not aware of this story of #Vishakha Nakshtra and its manifestation in horoscope. It is super exclusive- 
Hidden parts and how to decode a #nakshatra! 
#Astros #astrology #vedicastrology #jyotish #aaskplanets #horoscope #RETWEEET
Link- https://youtu.be/a9zLwcodpXQ",2021-08-23T16:08:05.000Z
@justice_tarot,"#08November2023: Dark Luna divination is up! http://youtu.be/_Q0usro73P0?si‚Ä¶

#PsychicReadings #EmpressJusticeTarot #Tarot #VedicAstrology #Vishakha #NewMoon #Ashlesha #ThirdQuarterMoon",2023-11-08T10:04:03.000Z
@justice_tarot,"#19Nov2021: Baby, it's #FullMoon today! My reading will be on IG Live, and with the #Moon in #Krittika opposite #Sun in #Vishakha AND a lunar eclipse?? Bay-beh! Things are about to get real, REAL interesting, especially for  anything to do with ancestry & the truth.",2021-11-18T22:43:50.000Z
@GroupVishakha,"Let's evolve to make the earth better. #EarthDay
.
.
.
.
#vishakha #vishakhagroup #vishakharenewables #vishakhafoundation
#vishakhamouldings #vishakhapipes #vishakhapolyfab #EarthDay2024",2024-04-22T05:53:08.000Z
@tharejaarun,"#Astrology: #Vishakha #Nakshtra
#KatyPerry  American singer
OM graam greem graum sah gurve namah
OM jhram jhreem jroum sah gurave namah
-to split, to grow by splitting-shooting,  split and grow (like lotus roots in water, like lightning forks).
-Empowered to Grow Purposefully",2022-12-29T04:36:17.000Z
@GroupVishakha,"Capture infinite memories in the infinite colours of happiness. Vishakha family wishes all of you a vibrant #Holi
.
.
.
.
#vishakha #vishakhagroup #vishakharenewables #vishakhafoundation
#vishakhamouldings #vishakhapipes #vishakhapolyfab #holi2024 #HappyHoli",2024-03-25T04:16:32.000Z
@TheCosmicThrone,"Moon has moved in Vishakha. You may  feel focused and have a conquering spirit. This is a great day to face your fears and to celebrate your victories!
#Astrology #Astrologer #Vishakha #VedicAstrology",2022-09-01T20:05:52.000Z
@MediaInfoline,"Mad Influence signs Rider Girl Vishakha ‚Äì the first female Indian Moto Vlogger, as their exclusive artist

More : https://mediainfoline.com/brand/mad-influence-signs-rider-girl-vishakha-the-first-female-indian-moto-vlogger-as-their-exclusive-artist‚Ä¶ 

#mediainfoline #MadInfluence #signs #Rider #Girl #Vishakha #female #MotoVlogger #vlogger #RiderGirlVishakha #exclusive 
@riderGirl_Vish",2023-04-13T10:42:38.000Z
@Astroade_,"Welcome to #TaurusSeason let‚Äôs chat about happening in the stars! 
#lunareclipse2022 #vishakha #vedicastrology #siderealastrology 
#jupiterinpisces #aries",2022-05-17T20:10:31.000Z
@GroupVishakha,"Choosing the best protection for your solar panels is as important as making the decision to invest in solar panels. Our Solar Encapsulants provide everything you should be looking for and much more. To learn more, visit http://vishakharenewables.com.
.
.
#Vishakha #VishakhaRenewables",2024-05-24T12:46:29.000Z
@Amar10404633,"After 
@adaa1nonly
 its time to welcome 
@anitahasnandani
 in #naagin6 

ADAA BACK AS OG SHESHA
ANITA BACK TO RULE NAAGIN 

#adaakhan 
@adaa1nonly
 @anitahasnandani
 @itsmetejasswi
 

#AnitaHassanandani #adaakhan #TejasswiPrakash #Shesha #pratha #prarthana #Vishakha #Vish",2023-01-09T11:30:09.000Z
@YSBundela1008,"‡§Ü ‡§Ø‡§æ‡•í‡§§‡•ç‡§µ‡§ø‡§®‡•ç‡§¶‡•ç‡§∞‡•ã‡•ë ‡§¶‡§ø‡•í‡§µ ‡§Ü ‡§™‡•É‡•ë‡§•‡§ø‡•í‡§µ‡•ç‡§Ø‡§æ ‡§Æ‡•í‡§ï‡•ç‡§∑‡•Ç ‡§∏‡•ë‡§Æ‡•Å‡•í‡§¶‡•ç‡§∞‡§æ‡§¶‡•Å‡•í‡§§ ‡§µ‡§æ‡•í ‡§™‡•Å‡§∞‡•Ä‡•ë‡§∑‡§æ‡§§‡•ç ‡•§ 
‡§∏‡•ç‡§µ‡•ë‡§∞‡•ç‡§£‡§∞‡§æ‡•í‡§¶‡§µ‡•ë‡§∏‡•á ‡§®‡•ã ‡§Æ‡•í‡§∞‡•Å‡§§‡•ç‡§µ‡§æ‡•ë‡§®‡•ç‡§™‡§∞‡§æ‡•í‡§µ‡§§‡•ã‡•ë ‡§µ‡§æ‡•í ‡§∏‡§¶‡•ë‡§®‡§æ‡§¶‡•É‡•í‡§§‡§∏‡•ç‡§Ø‡•ë ‡•• ‡§ã‡§ó‡•ç‡§µ‡•á‡§¶  ‡•™.‡•®‡•ß.‡•© 

‡§ä‡§Å ‡§ó‡•ç‡§∞‡§æ‡§Ç ‡§ó‡•ç‡§∞‡•Ä‡§Ç ‡§ó‡•ç‡§∞‡•å‡§Ç ‡§∏‡§É ‡§ó‡•Å‡§∞‡•Å‡§µ‡•á ‡§®‡§Æ‡§É‡•§
#panchanga #jyotisha #vishakha #nakshatra",2022-01-27T01:04:41.000Z
@dailynewshunt24,"#Vishakha Singh B‚Äôday: ‚Äò‡§´‡•Å‡§ï‡§∞‡•á‚Äô ‡§´‡•á‡§Æ ‡§è‡§ï‡•ç‡§ü‡•ç‡§∞‡•á‡§∏ ‡§µ‡§ø‡§∂‡§æ‡§ñ‡§æ ‡§®‡•á ‡§ú‡§¨ ‡§∏‡•ã‡§∂‡§≤ ‡§Æ‡•Ä‡§°‡§ø‡§Ø‡§æ ‡§Ø‡•Ç‡§ú‡§∞ ‡§ï‡•ã ‡§¶‡§ø‡§Ø‡§æ ‡§•‡§æ ‡§ï‡§∞‡§æ‡§∞‡§æ ‡§ú‡§µ‡§æ‡§¨, ‡§Æ‡§ö ‡§ó‡§Ø‡§æ ‡§•‡§æ ‡§¨‡§µ‡§æ‡§≤ https://dailynewshunt24.com/vishakha-singh-bday-%e0%a4%ab%e0%a5%81%e0%a4%95%e0%a4%b0%e0%a5%87-%e0%a4%ab%e0%a5%87%e0%a4%ae-%e0%a4%8f%e0%a4%95%e0%a5%8d%e0%a4%9f%e0%a5%8d%e0%a4%b0%e0%a5%87%e0%a4%b8/‚Ä¶",2022-05-05T07:40:37.000Z
@singhprashant91,"Even indian govt taking all the efforts to bring students back from Ukraine. The #Congress still demeaning the country by forwarding it's party members children in front of media
Such as #NDTV 
#Vishakha who wasted indian taxpayers money to come back.",2022-03-04T05:08:28.000Z
@Vedicastr,"https://vedicastrodiction.com/astrology/vishakha-nakshatra-in-vedic-astrology/‚Ä¶
Signs and degrees of Vishaka nakshatra in vedic astrology 
#astrostuffs #astrology #vedicastrology #astrologer #nakshatra #vishakha #astroloji",2022-08-08T13:24:59.000Z
@AadhanTelugu,"‡∞∞‡∞æ‡∞ú‡±ç‡∞Ø‡∞∏‡∞≠ ‡∞∏‡∞≠‡±ç‡∞Ø‡±Å‡∞°‡∞ø‡∞ó‡∞æ ‡∞é‡∞®‡±ç‡∞®‡∞ø‡∞ï‡±à‡∞® ‡∞∏‡∞Ç‡∞¶‡∞∞‡±ç‡∞≠‡∞Ç‡∞ó‡∞æ ‡∞µ‡∞ø‡∞∂‡∞æ‡∞ñ ‡∞∏‡±ç‡∞µ‡∞∞‡±Ç‡∞™‡∞æ‡∞®‡∞Ç‡∞¶ ‡∞ï‡∞æ‡∞≥‡±ç‡∞≤‡∞ï‡±Å ‡∞Æ‡±ä‡∞ï‡±ç‡∞ï‡∞ø .. ‡∞ï‡∞æ‡∞®‡±Å‡∞ï‡∞≤‡±Å ‡∞∏‡∞Æ‡∞∞‡±ç‡∞™‡∞ø‡∞Ç‡∞ö‡±Å‡∞ï‡±Å‡∞®‡±ç‡∞® ‡∞µ‡±à‡∞µ‡±Ä ‡∞∏‡±Å‡∞¨‡±ç‡∞¨‡∞æ‡∞∞‡±Ü‡∞°‡±ç‡∞°‡∞ø.

#YVSubbaReddy #RajyaSabha #Vishakha  #APPolitics #APElections2024 #Election2024 #APNews #AndhraPadesh",2024-02-26T09:03:14.000Z
@PanoramaSurbhi,"I got Naagin3 #BeHir #PearBhi #NaagraniBela #MaahirSehgal #Vishakha #Vikrant #SurbhiJyoti #PearlVPuri #AnitaHasnandani #RajatTokas 
@SurbhiJtweets
 @pearlvpuri
 @anitahasnandani
 @rajattokas
 #Naagin3",2023-06-14T06:49:42.000Z
@AnucharniAbha,"‡•• ‡§∂‡•ç‡§∞‡•Ä‡§∞‡§æ‡§Æ ‡§∏‡§Æ‡§∞‡•ç‡§• ‡••
 ‡§®‡§ï‡•ç‡§∑‡§§‡•ç‡§∞ ‡§Æ‡§æ‡§π‡§ø‡§§‡•Ä 
 ‡§®‡§ï‡•ç‡§∑‡§§‡•ç‡§∞  ‡§µ‡§ø‡§∂‡§æ‡§ñ‡§æ 
 astroabhak@gmail.com ‡§Ö‡•Ö‡§Æ‡•á‡§ù‡•â‡§®‡§µ‡§∞ ‡§â‡§™‡§≤‡§¨‡•ç‡§ß
‡§Æ‡§π‡§æ‡§Æ‡§æ‡§∞‡•Ä ‡§ú‡•ç‡§Ø‡•ã‡§§‡§ø‡§∑‡§∂‡§æ‡§∏‡•ç‡§§‡•ç‡§∞‡§æ‡§ö‡•ç‡§Ø‡§æ ‡§®‡§ú‡§∞‡•á‡§§‡•Å‡§® (‡•´‡•¶‡•¶ ‡§µ‡§∞‡•ç‡§∑‡§æ‡§ö‡§æ ‡§á‡§§‡§ø‡§π‡§æ‡§∏ ‡§Ü‡§£‡§ø ‡§™‡•Å‡§¢‡•Ä‡§≤ ‡§≠‡§æ‡§ï‡§ø‡§§‡•á ) ‡§Æ‡§∞‡§æ‡§†‡•Ä / ‡§π‡§ø‡§Ç‡§¶‡•Ä
#vishakha #nakshatra #jyotish #‡§®‡§ï‡•ç‡§∑‡§§‡•ç‡§∞ #‡§∞‡§æ‡§∂‡•Ä#‡§Ø‡•ã‡§ó#‡§ï‡•Å‡§Ç‡§°‡§≤‡•Ä#‡§ú‡•ç‡§Ø‡•ã‡§§‡§ø‡§∑#‡§µ‡§ø‡§∂‡§æ‡§ñ‡§æ",2021-12-30T02:01:36.000Z
@justice_tarot,"Well, these cards didn't so much pop out as FALL out, but you get the picture. This #Vishakha #Moon will not let up in telling us that big changes are on the way, and especially in our love lives and overall purpose. As, metaphorically speaking, new blood makes its way into",2023-05-06T00:29:10.000Z
@MoviesUpdatez,"#VishakhaDhiman Latest Photoshoot Stills 

#Vishakha #Photoshoot #OnamAsamshakal",2021-08-21T08:40:08.000Z
@GroupVishakha,#Vishakha #vishakhagroup #VishakhaRenewables #exhibition #rei2024 #renewables #renewablesolutions,2024-10-01T05:23:08.000Z
@poshatwork,"The #Vishakha guidelines envisaged an IC that built ownership towards the issue with enhanced experience & expertise. The Act needs to be amended to specify criteria for the appointment of a credible & experienced external member.

#PoshatWork #Workplace",2021-11-17T03:26:22.000Z
@DDeniseGenova,"#LUNAR #ECLIPSE today at 21 degrees #Aries and #Libra 

If your Moon or rising sign in a Vedic chart only (not a Western astrology chart) is in the following mansion of the Moon, these characteristics may resonate with you.

Current #vedicastrology #moon #nakshatra in #Vishakha",2023-05-05T15:06:40.000Z
@justice_tarot,"#01September2022:  #Vishakha #8ofCups Be aware that we might be caught up in our own heads at, and that might lead to us trying to placate one another rather than being honest. I mean, it's fine if people want to do that...but we should at least get something out of it.",2022-09-01T05:13:00.000Z
@Mahesh153472,"‡∞™‡±ã‡∞∞‡∞æ‡∞°‡∞§‡∞Ç ‡∞Ö‡∞®‡∞ø ‡∞ö‡±Ü‡∞™‡±ç‡∞™‡∞ø‡∞® ‡∞®‡∞æ‡∞Ø‡∞ï‡±Å‡∞≤‡±Å ‡∞é‡∞ï‡±ç‡∞ï‡∞° ‡∞™‡±ä‡∞Ø‡±ç‡∞Ø‡∞æ‡∞∞‡±Å ‡∞∏‡±ç‡∞ü‡±Ä‡∞≤‡±ç ‡∞™‡±ç‡∞≤‡∞æ‡∞Ç‡∞ü‡±ç ‡∞≤‡±ã ‡∞∞‡±Ü‡∞Ç‡∞°‡±Å ‡∞¨‡±ç‡∞≤‡∞æ‡∞∏‡±ç‡∞ü‡±ç ‡∞´‡∞∞‡±ç‡∞®‡±Ü‡∞®‡±ç‡∞∏‡±ç ‡∞≤‡±Å ‡∞ï‡±ç‡∞≤‡±ã‡∞ú‡±ç ‡∞ö‡±á‡∞∏‡±ç‡∞§‡±á , ‡∞Ö‡∞Ø‡±ç‡∞Ø 
@PawanKalyan
 @JanaSenaParty
 @JaiTDP
 ,‡∞á‡∞™‡±ç‡∞™‡±Å‡∞°‡±Å ‡∞®‡±ã‡∞∞‡±Å ‡∞é‡∞Ç‡∞¶‡±Å‡∞ï‡±Å ‡∞≤‡±á‡∞™‡∞∞‡±Å, ‡∞Æ‡±Ä ‡∞™‡±ç‡∞∞‡∞§‡∞æ‡∞™‡∞Ç ‡∞Ö‡∞Ç‡∞§‡∞æ ‡∞ú‡∞ó‡∞®‡±ç ‡∞Æ‡±Ä‡∞¶‡∞®‡±á ‡∞®‡∞æ , ‡∞Æ‡±ã‡∞°‡±Ä ‡∞®‡±ã ‡∞Ö‡∞°‡∞ó‡∞≤‡±á‡∞∞ #vizag #steel #vishakha #AndhraPradesh #steelplant",2024-09-15T18:52:53.000Z
@LalithaAstro,"1/ Venus in Vishakha nakshatra symbolizes duality, as Vishakha is ruled by Agni & Indra, represented by a tree with two branches. This reflects the mind being pulled in two directions, causing internal conflicts & often leading to indecision in life choices.

#Venus #Vishakha",2024-10-05T07:43:11.000Z
@ONE100NEWS,"Dil Dosti Dilemma Cast Reunites! Anushka Sen, Kush, Elisha, Vishakha & Revathi Seen Together At Excel Office In Mumbai #DilDostiDilemma #AnushkaSen #excel #kush #Elisha #One100News #vishakha #Revathi #Mumbai #Bollywood",2024-04-18T05:21:04.000Z
@justice_tarot,"#16October2023: #PageofCups #Vishakha #WaxingCrescentMoon That subconscious desire within us to connect and realise our desires are born in the most surprising ways. Some of us could experience some interesting telepathic connections (trust me, those are WAY more common",2023-10-16T09:11:36.000Z
@Vedicastr,"https://vedicastrodiction.com/astrology/vishakha-nakshatra-in-vedic-astrology/‚Ä¶
Interpretation of Vishaka nakshatra in vedic astrology 
#astrostuffs #astrology #vedicastrology #astrologer #nakshatra #vishakha #astroloji",2022-08-08T13:30:14.000Z
@justice_tarot,#19September2023: #6ofPentacles #Vishakha #WaxingCrescentMoon The energy from the start of the day becomes more concentrated towards the end. Us turning what we enjoy into something serious attracts generosity from those I mentioned earlier. There is a shift in power,2023-09-19T09:31:09.000Z
@Amar10404633,"After 
@adaa1nonly
 its time to welcome 
@anitahasnandani
 in #naagin6 

ADAA BACK AS OG SHESHA
ANITA BACK TO RULE NAAGIN 

#adaakhan 
@adaa1nonly
 @anitahasnandani
 @itsmetejasswi
 

#AnitaHassanandani #adaakhan #TejasswiPrakash #Shesha #pratha #prarthana #Vishakha #Vish",2023-01-09T11:31:03.000Z
@amitvijinc,"‡§π‡§Æ‡§æ‡§∞‡•á ‡§™‡§†‡§æ‡§®‡§ï‡•ã‡§ü ‡§ï‡•Ä ‡§¨‡•á‡§ü‡•Ä ‡§µ‡§ø‡§∂‡§æ‡§ñ‡§æ ‡§®‡•á ‡§™‡•Ç‡§∞‡•á ‡§™‡§Ç‡§ú‡§æ‡§¨ ‡§Æ‡•á‡§Ç ‡§ï‡•Å‡§∂‡•ç‡§§‡•Ä ‡§ï‡•Ä ‡§™‡•ç‡§∞‡§§‡§ø‡§∏‡•ç‡§™‡§∞‡•ç‡§ß‡§æ ‡§Æ‡•á‡§Ç ‡§∏‡•ç‡§µ‡§∞‡•ç‡§£ ‡§™‡§¶‡§ï ‡§π‡§æ‡§∏‡§ø‡§≤ ‡§ï‡§ø‡§Ø‡§æ ‡§π‡•à I ‡§á‡§∏ ‡§ñ‡§º‡•Å‡§∂‡•Ä ‡§ï‡•á ‡§Æ‡•å‡§ï‡•á ‡§™‡§∞ ‡§Æ‡•à‡§Ç ‡§Ü‡§™‡§ï‡•ã ‡§µ ‡§Ü‡§™‡§ï‡•á ‡§™‡•Ç‡§∞‡•á ‡§™‡§∞‡§ø‡§µ‡§æ‡§∞ ‡§ï‡•ã ‡§π‡§æ‡§∞‡•ç‡§¶‡§ø‡§ï ‡§¨‡§ß‡§æ‡§à ‡§¶‡•á‡§§‡§æ ‡§π‡•Ç‡§Å I
.
.
#Wrestling #Vishakha #Pathankot #Winner #GoldMedal #Congratulations#ProudMoment #AmitVij",2023-04-12T05:45:00.000Z
@GroupVishakha,"We are excited to meet you at the biggest international packaging expo from 3rd to 6th November 2024.

#vishakha #vishakhaflexiblepackaging
#vishakhapolyfab #vishakhagroup #packexpointernational2024",2024-09-02T09:57:38.000Z
